============================================================ 
[31-Jul-26 21:51:07.91] Bat dau 
Doc cac bang tra cuu...
Doc & xu ly 3 file nguon (ACT + SO + SQ)...
    Sales detail with COGS.xlsx: bo 7 dong Grand Total / rong
    Sales detail with COGS.xlsx: bo 78 dong CANCELED (giu CANCELED = N)
    Sales Order Follow Up.xlsx: bo 1 dong Grand Total / rong
  ACT: 6,891 dong | SO: 196 dong | SQ: 8 dong
  Bo Channel = SEB / MLA = SEB (noi bo): 24 dong

============================================================
As of: 31-Jul-2026 21:51
So dong chi tiet: 7,071
So Channel: 11 | MLA: 38 | Item: 991
Tong Gross : 73,049,589,563
[KAM] Net 58,907,187,289 | SGM% 27.06%
[FIN] Net 58,616,828,883 | SGM% 37.61%
  ! Co 4 dong khong map duoc MLA (kiem tra Customer map)

  -> Da luu: C:\AI_Dashboard\kam_cache.parquet

XONG!
Buoc tiep: 1) Restart app  2) git add/commit/push (neu muon cap nhat cloud)
[main 01cdbf5] Auto update KAM 31-Jul-26 21:52:00.50
 1 file changed, 0 insertions(+), 0 deletions(-)
To https://github.com/Joklc/sales-dashboard.git
   e46f58f..01cdbf5  main -> main
[31-Jul-26 21:52:07.46] Xong 
============================================================ 
[31-Jul-26 21:52:23.78] Bat dau 
Doc cac bang tra cuu...
Doc & xu ly 3 file nguon (ACT + SO + SQ)...
    Sales detail with COGS.xlsx: bo 7 dong Grand Total / rong
    Sales detail with COGS.xlsx: bo 78 dong CANCELED (giu CANCELED = N)
    Sales Order Follow Up.xlsx: bo 1 dong Grand Total / rong
  ACT: 6,891 dong | SO: 196 dong | SQ: 8 dong
  Bo Channel = SEB / MLA = SEB (noi bo): 24 dong

============================================================
As of: 31-Jul-2026 21:53
So dong chi tiet: 7,071
So Channel: 11 | MLA: 38 | Item: 991
Tong Gross : 73,049,589,563
[KAM] Net 58,907,187,289 | SGM% 27.06%
[FIN] Net 58,616,828,883 | SGM% 37.61%
  ! Co 4 dong khong map duoc MLA (kiem tra Customer map)

  -> Da luu: C:\AI_Dashboard\kam_cache.parquet

XONG!
Buoc tiep: 1) Restart app  2) git add/commit/push (neu muon cap nhat cloud)
[main b77ec92] Auto update KAM 31-Jul-26 21:53:05.66
 1 file changed, 0 insertions(+), 0 deletions(-)
To https://github.com/Joklc/sales-dashboard.git
   01cdbf5..b77ec92  main -> main
[31-Jul-26 21:53:12.15] Xong 
============================================================ 
[31-Jul-26 22:13:38.87] Bat dau 
Doc cac bang tra cuu...
Doc & xu ly 3 file nguon (ACT + SO + SQ)...
    Sales detail with COGS.xlsx: bo 7 dong Grand Total / rong
    Sales detail with COGS.xlsx: bo 78 dong CANCELED (giu CANCELED = N)
    Sales Order Follow Up.xlsx: bo 1 dong Grand Total / rong
  ACT: 6,891 dong | SO: 196 dong | SQ: 24 dong
  Bo Channel = SEB / MLA = SEB (noi bo): 24 dong

============================================================
As of: 31-Jul-2026 22:14
So dong chi tiet: 7,087
So Channel: 11 | MLA: 38 | Item: 991
Tong Gross : 75,053,558,233
[KAM] Net 60,911,155,959 | SGM% 27.55%
[FIN] Net 60,620,797,553 | SGM% 38.09%
  ! Co 4 dong khong map duoc MLA (kiem tra Customer map)

  -> Da luu: C:\AI_Dashboard\kam_cache.parquet

XONG!
Buoc tiep: 1) Restart app  2) git add/commit/push (neu muon cap nhat cloud)
[main 00eec73] Auto update KAM 31-Jul-26 22:14:29.53
 1 file changed, 0 insertions(+), 0 deletions(-)
To https://github.com/Joklc/sales-dashboard.git
   b77ec92..00eec73  main -> main
[31-Jul-26 22:14:37.48] Xong 
============================================================ 
[31-Jul-26 23:29:45.41] Bat dau 
Doc cac bang tra cuu...
Doc & xu ly 3 file nguon (ACT + SO + SQ)...
    Sales detail with COGS.xlsx: bo 7 dong Grand Total / rong
    Sales detail with COGS.xlsx: bo 78 dong CANCELED (giu CANCELED = N)
    Sales Order Follow Up.xlsx: bo 1 dong Grand Total / rong
  ACT: 6,896 dong | SO: 195 dong | SQ: 8 dong
  Bo Channel = SEB / MLA = SEB (noi bo): 24 dong

============================================================
As of: 31-Jul-2026 23:30
So dong chi tiet: 7,075
So Channel: 11 | MLA: 38 | Item: 991
Tong Gross : 75,054,587,619
[KAM] Net 60,912,185,345 | SGM% 27.55%
[FIN] Net 60,621,826,939 | SGM% 38.09%
  ! Co 4 dong khong map duoc MLA (kiem tra Customer map)

  -> Da luu: C:\AI_Dashboard\kam_cache.parquet

XONG!
Buoc tiep: 1) Restart app  2) git add/commit/push (neu muon cap nhat cloud)
[main 4d8da86] Auto update KAM 31-Jul-26 23:30:10.79
 1 file changed, 0 insertions(+), 0 deletions(-)
fatal: remote helper 'https' aborted session
^C============================================================ 
[31-Jul-26 23:45:01.83] Bat dau 
Doc cac bang tra cuu...
Doc & xu ly 3 file nguon (ACT + SO + SQ)...
    Sales detail with COGS.xlsx: bo 7 dong Grand Total / rong
    Sales detail with COGS.xlsx: bo 78 dong CANCELED (giu CANCELED = N)
    Sales Order Follow Up.xlsx: bo 1 dong Grand Total / rong
  ACT: 6,896 dong | SO: 195 dong | SQ: 8 dong
  Bo Channel = SEB / MLA = SEB (noi bo): 24 dong

============================================================
As of: 31-Jul-2026 23:45
So dong chi tiet: 7,075
So Channel: 11 | MLA: 38 | Item: 991
Tong Gross : 75,054,587,619
[KAM] Net 60,912,185,345 | SGM% 27.55%
[FIN] Net 60,621,826,939 | SGM% 38.09%
  ! Co 4 dong khong map duoc MLA (kiem tra Customer map)

  -> Da luu: C:\AI_Dashboard\kam_cache.parquet

XONG!
Buoc tiep: 1) Restart app  2) git add/commit/push (neu muon cap nhat cloud)
[main 880c34f] Auto update KAM 31-Jul-26 23:45:24.39
 1 file changed, 0 insertions(+), 0 deletions(-)
To https://github.com/Joklc/sales-dashboard.git
   00eec73..880c34f  main -> main
[31-Jul-26 23:45:29.85] Xong 
============================================================ 
[01-Aug-26  9:35:29.83] Bat dau 
============================================================
KHONG TRUY CAP DUOC O MANG X!
Duong dan: X:\Finance 2.Controlling\Monthly Reporting\2025\4. Monthly sale vs SGM report\auto data
Kiem tra: 1) O X da ket noi chua?  2) Mo This PC xem co thay o X khong?
============================================================
[01-Aug-26  9:36:37.16] Khong co thay doi data - khong push 
============================================================ 
[01-Aug-26  9:45:02.03] Bat dau 
Doc cac bang tra cuu...
Doc & xu ly 3 file nguon (ACT + SO + SQ)...
    Sales detail with COGS.xlsx: bo 7 dong Grand Total / rong
    Sales detail with COGS.xlsx: bo 78 dong CANCELED (giu CANCELED = N)
    Sales Order Follow Up.xlsx: bo 1 dong Grand Total / rong
  ACT: 6,896 dong | SO: 195 dong | SQ: 8 dong
  Bo Channel = SEB / MLA = SEB (noi bo): 24 dong

============================================================
As of: 01-Aug-2026 09:45
So dong chi tiet: 7,075
So Channel: 11 | MLA: 38 | Item: 991
Tong Gross : 75,054,587,619
[KAM] Net 60,912,185,345 | SGM% 27.55%
[FIN] Net 60,621,826,939 | SGM% 38.09%
  ! Co 4 dong khong map duoc MLA (kiem tra Customer map)

  -> Da luu: C:\AI_Dashboard\kam_cache.parquet

XONG!
Buoc tiep: 1) Restart app  2) git add/commit/push (neu muon cap nhat cloud)
[main 628b8c2] Auto update KAM 01-Aug-26  9:45:32.28
 1 file changed, 0 insertions(+), 0 deletions(-)
To https://github.com/Joklc/sales-dashboard.git
   880c34f..628b8c2  main -> main
[01-Aug-26  9:45:36.26] Xong 
============================================================ 
[01-Aug-26  9:50:26.87] Bat dau 
Doc cac bang tra cuu...
Doc & xu ly 3 file nguon (ACT + SO + SQ)...
    Sales detail with COGS.xlsx: bo 7 dong Grand Total / rong
    Sales detail with COGS.xlsx: bo 78 dong CANCELED (giu CANCELED = N)
    Sales Order Follow Up.xlsx: bo 1 dong Grand Total / rong
  ACT: 6,896 dong | SO: 195 dong | SQ: 8 dong
  Bo Channel = SEB / MLA = SEB (noi bo): 24 dong

============================================================
As of: 01-Aug-2026 09:50
So dong chi tiet: 7,075
So Channel: 11 | MLA: 38 | Item: 991
Tong Gross : 75,054,587,619
[KAM] Net 60,912,185,345 | SGM% 27.55%
[FIN] Net 60,621,826,939 | SGM% 38.09%
  ! Co 4 dong khong map duoc MLA (kiem tra Customer map)

  -> Da luu: C:\AI_Dashboard\kam_cache.parquet

XONG!
Buoc tiep: 1) Restart app  2) git add/commit/push (neu muon cap nhat cloud)
[main 880c25d] Auto update KAM 01-Aug-26  9:50:48.40
 1 file changed, 0 insertions(+), 0 deletions(-)
To https://github.com/Joklc/sales-dashboard.git
   628b8c2..880c25d  main -> main
[01-Aug-26  9:50:52.16] Xong 
============================================================ 
[01-Aug-26 10:00:01.79] Bat dau 
Doc cac bang tra cuu...
Doc & xu ly 3 file nguon (ACT + SO + SQ)...
    Sales detail with COGS.xlsx: bo 7 dong Grand Total / rong
    Sales detail with COGS.xlsx: bo 78 dong CANCELED (giu CANCELED = N)
    Sales Order Follow Up.xlsx: bo 1 dong Grand Total / rong
  ACT: 6,896 dong | SO: 195 dong | SQ: 8 dong
  Bo Channel = SEB / MLA = SEB (noi bo): 24 dong

============================================================
As of: 01-Aug-2026 10:00
So dong chi tiet: 7,075
So Channel: 11 | MLA: 38 | Item: 991
Tong Gross : 75,054,587,619
[KAM] Net 60,912,185,345 | SGM% 27.55%
[FIN] Net 60,621,826,939 | SGM% 38.09%
  ! Co 4 dong khong map duoc MLA (kiem tra Customer map)

  -> Da luu: C:\AI_Dashboard\kam_cache.parquet

XONG!
Buoc tiep: 1) Restart app  2) git add/commit/push (neu muon cap nhat cloud)
[main 64c27dd] Auto update KAM 01-Aug-26 10:00:33.83
 1 file changed, 0 insertions(+), 0 deletions(-)
To https://github.com/Joklc/sales-dashboard.git
   880c25d..64c27dd  main -> main
[01-Aug-26 10:00:37.84] Xong 
============================================================ 
[01-Aug-26 10:05:26.93] Bat dau 
Doc cac bang tra cuu...
Doc & xu ly 3 file nguon (ACT + SO + SQ)...
    Sales detail with COGS.xlsx: bo 7 dong Grand Total / rong
    Sales detail with COGS.xlsx: bo 78 dong CANCELED (giu CANCELED = N)
    Sales Order Follow Up.xlsx: bo 1 dong Grand Total / rong
  ACT: 6,896 dong | SO: 193 dong | SQ: 8 dong
  Bo Channel = SEB / MLA = SEB (noi bo): 24 dong

============================================================
As of: 01-Aug-2026 10:05
So dong chi tiet: 7,073
So Channel: 11 | MLA: 38 | Item: 991
Tong Gross : 75,011,343,619
[KAM] Net 60,868,941,345 | SGM% 27.56%
[FIN] Net 60,578,582,939 | SGM% 38.09%
  ! Co 4 dong khong map duoc MLA (kiem tra Customer map)

  -> Da luu: C:\AI_Dashboard\kam_cache.parquet

XONG!
Buoc tiep: 1) Restart app  2) git add/commit/push (neu muon cap nhat cloud)
[main 765fb84] Auto update KAM 01-Aug-26 10:05:48.54
 1 file changed, 0 insertions(+), 0 deletions(-)
To https://github.com/Joklc/sales-dashboard.git
   64c27dd..765fb84  main -> main
[01-Aug-26 10:05:52.54] Xong 
============================================================ 
[01-Aug-26 10:15:02.95] Bat dau 
Doc cac bang tra cuu...
Doc & xu ly 3 file nguon (ACT + SO + SQ)...
Traceback (most recent call last):
  File "C:\AI_Dashboard\convert_kam.py", line 180, in <module>
    ACT = build_source(
        F_ACT, "Sales detail with COGS", 3,
        dict(cust="Customer code", item="Item code", comm="Comm. code",
             name="Item name", qty="Quantity", gross="Line Totalafter All DC"),
        net_gt0=False, cancel_col="CANCELED")
  File "C:\AI_Dashboard\convert_kam.py", line 116, in build_source
    df = pd.read_excel(P(fname), sheet_name=sheet, header=header)
  File "C:\Users\klcnguyen\AppData\Local\Python\pythoncore-3.14-64\Lib\site-packages\pandas\io\excel\_base.py", line 481, in read_excel
    io = ExcelFile(
        io,
    ...<2 lines>...
        engine_kwargs=engine_kwargs,
    )
  File "C:\Users\klcnguyen\AppData\Local\Python\pythoncore-3.14-64\Lib\site-packages\pandas\io\excel\_base.py", line 1621, in __init__
    self._reader = self._engines[engine](
                   ~~~~~~~~~~~~~~~~~~~~~^
        self._io,
        ^^^^^^^^^
        storage_options=storage_options,
        ^^^^^^^^^^^^^^^^^^^^^^^^^^^^^^^^
        engine_kwargs=engine_kwargs,
        ^^^^^^^^^^^^^^^^^^^^^^^^^^^^
    )
    ^
  File "C:\Users\klcnguyen\AppData\Local\Python\pythoncore-3.14-64\Lib\site-packages\pandas\io\excel\_openpyxl.py", line 560, in __init__
    super().__init__(
    ~~~~~~~~~~~~~~~~^
        filepath_or_buffer,
        ^^^^^^^^^^^^^^^^^^^
        storage_options=storage_options,
        ^^^^^^^^^^^^^^^^^^^^^^^^^^^^^^^^
        engine_kwargs=engine_kwargs,
        ^^^^^^^^^^^^^^^^^^^^^^^^^^^^
    )
    ^
  File "C:\Users\klcnguyen\AppData\Local\Python\pythoncore-3.14-64\Lib\site-packages\pandas\io\excel\_base.py", line 554, in __init__
    self.book = self.load_workbook(self.handles.handle, engine_kwargs)
                ~~~~~~~~~~~~~~~~~~^^^^^^^^^^^^^^^^^^^^^^^^^^^^^^^^^^^^
  File "C:\Users\klcnguyen\AppData\Local\Python\pythoncore-3.14-64\Lib\site-packages\pandas\io\excel\_openpyxl.py", line 579, in load_workbook
    return load_workbook(
        filepath_or_buffer,
        **(default_kwargs | engine_kwargs),
    )
  File "C:\Users\klcnguyen\AppData\Local\Python\pythoncore-3.14-64\Lib\site-packages\openpyxl\reader\excel.py", line 348, in load_workbook
    reader.read()
    ~~~~~~~~~~~^^
  File "C:\Users\klcnguyen\AppData\Local\Python\pythoncore-3.14-64\Lib\site-packages\openpyxl\reader\excel.py", line 303, in read
    self.read_worksheets()
    ~~~~~~~~~~~~~~~~~~~~^^
  File "C:\Users\klcnguyen\AppData\Local\Python\pythoncore-3.14-64\Lib\site-packages\openpyxl\reader\excel.py", line 228, in read_worksheets
    ws = ReadOnlyWorksheet(self.wb, sheet.name, rel.target, self.shared_strings)
  File "C:\Users\klcnguyen\AppData\Local\Python\pythoncore-3.14-64\Lib\site-packages\openpyxl\worksheet\_read_only.py", line 42, in __init__
    self._get_size()
    ~~~~~~~~~~~~~~^^
  File "C:\Users\klcnguyen\AppData\Local\Python\pythoncore-3.14-64\Lib\site-packages\openpyxl\worksheet\_read_only.py", line 49, in _get_size
    dimensions = parser.parse_dimensions()
  File "C:\Users\klcnguyen\AppData\Local\Python\pythoncore-3.14-64\Lib\site-packages\openpyxl\worksheet\_reader.py", line 178, in parse_dimensions
    for _event, element in it:
                           ^^
  File "C:\Users\klcnguyen\AppData\Local\Python\pythoncore-3.14-64\Lib\xml\etree\ElementTree.py", line 1262, in iterator
    data = source.read(16 * 1024)
  File "C:\Users\klcnguyen\AppData\Local\Python\pythoncore-3.14-64\Lib\zipfile\__init__.py", line 1105, in read
    data = self._read1(n)
  File "C:\Users\klcnguyen\AppData\Local\Python\pythoncore-3.14-64\Lib\zipfile\__init__.py", line 1173, in _read1
    data += self._read2(n - len(data))
            ~~~~~~~~~~~^^^^^^^^^^^^^^^
  File "C:\Users\klcnguyen\AppData\Local\Python\pythoncore-3.14-64\Lib\zipfile\__init__.py", line 1205, in _read2
    data = self._fileobj.read(n)
  File "C:\Users\klcnguyen\AppData\Local\Python\pythoncore-3.14-64\Lib\zipfile\__init__.py", line 924, in read
    data = self._file.read(n)
FileNotFoundError: [Errno 2] No such file or directory
[01-Aug-26 10:15:51.54] LOI convert_kam.py - bo qua lan nay 
============================================================ 
[01-Aug-26 10:20:27.41] Bat dau 
^C============================================================ 
[01-Aug-26 10:30:02.43] Bat dau 
^C============================================================ 
[01-Aug-26 10:35:27.37] Bat dau 
Doc cac bang tra cuu...
Doc & xu ly 3 file nguon (ACT + SO + SQ)...
    Sales detail with COGS.xlsx: bo 7 dong Grand Total / rong
    Sales detail with COGS.xlsx: bo 78 dong CANCELED (giu CANCELED = N)
    Sales Order Follow Up.xlsx: bo 1 dong Grand Total / rong
  ACT: 6,896 dong | SO: 181 dong | SQ: 8 dong
  Bo Channel = SEB / MLA = SEB (noi bo): 24 dong

============================================================
As of: 01-Aug-2026 10:36
So dong chi tiet: 7,061
So Channel: 11 | MLA: 38 | Item: 991
Tong Gross : 74,964,006,689
[KAM] Net 60,831,612,480 | SGM% 27.55%
[FIN] Net 60,541,254,073 | SGM% 38.08%
  ! Co 4 dong khong map duoc MLA (kiem tra Customer map)

  -> Da luu: C:\AI_Dashboard\kam_cache.parquet

XONG!
Buoc tiep: 1) Restart app  2) git add/commit/push (neu muon cap nhat cloud)
[main 15f584a] Auto update KAM 01-Aug-26 10:36:06.67
 1 file changed, 0 insertions(+), 0 deletions(-)
To https://github.com/Joklc/sales-dashboard.git
   765fb84..15f584a  main -> main
[01-Aug-26 10:36:11.12] Xong 
============================================================ 
[03-Aug-26  9:00:04.50] Bat dau 
Doc cac bang tra cuu...
Doc & xu ly 3 file nguon (ACT + SO + SQ)...
    Sales detail with COGS.xlsx: bo 7 dong Grand Total / rong
    Sales detail with COGS.xlsx: bo 78 dong CANCELED (giu CANCELED = N)
    Sales Order Follow Up.xlsx: bo 1 dong Grand Total / rong
  ACT: 6,896 dong | SO: 181 dong | SQ: 8 dong
  Bo Channel = SEB / MLA = SEB (noi bo): 24 dong

============================================================
As of: 03-Aug-2026 09:00
So dong chi tiet: 7,061
So Channel: 11 | MLA: 38 | Item: 991
Tong Gross : 74,962,925,068
[KAM] Net 60,830,530,859 | SGM% 27.55%
[FIN] Net 60,540,172,453 | SGM% 38.08%
  ! Co 4 dong khong map duoc MLA (kiem tra Customer map)

  -> Da luu: C:\AI_Dashboard\kam_cache.parquet

XONG!
Buoc tiep: 1) Restart app  2) git add/commit/push (neu muon cap nhat cloud)
[main ff2c0cf] Auto update KAM 03-Aug-26  9:00:31.56
 1 file changed, 0 insertions(+), 0 deletions(-)
To https://github.com/Joklc/sales-dashboard.git
   15f584a..ff2c0cf  main -> main
[03-Aug-26  9:00:37.58] Xong 
============================================================ 
[03-Aug-26  9:15:02.37] Bat dau 
Doc cac bang tra cuu...
Doc & xu ly 3 file nguon (ACT + SO + SQ)...
    Sales detail with COGS.xlsx: bo 7 dong Grand Total / rong
    Sales detail with COGS.xlsx: bo 78 dong CANCELED (giu CANCELED = N)
    Sales Order Follow Up.xlsx: bo 1 dong Grand Total / rong
  ACT: 6,896 dong | SO: 171 dong | SQ: 8 dong
  Bo Channel = SEB / MLA = SEB (noi bo): 24 dong

============================================================
As of: 03-Aug-2026 09:15
So dong chi tiet: 7,051
So Channel: 11 | MLA: 38 | Item: 991
Tong Gross : 74,918,958,673
[KAM] Net 60,791,504,223 | SGM% 27.55%
[FIN] Net 60,501,145,817 | SGM% 38.08%
  ! Co 4 dong khong map duoc MLA (kiem tra Customer map)

  -> Da luu: C:\AI_Dashboard\kam_cache.parquet

XONG!
Buoc tiep: 1) Restart app  2) git add/commit/push (neu muon cap nhat cloud)
[main dfcacf1] Auto update KAM 03-Aug-26  9:15:36.06
 1 file changed, 0 insertions(+), 0 deletions(-)
To https://github.com/Joklc/sales-dashboard.git
   ff2c0cf..dfcacf1  main -> main
[03-Aug-26  9:15:39.94] Xong 
============================================================ 
[03-Aug-26 11:18:45.65] Bat dau 
============================================================
KHONG TRUY CAP DUOC O MANG X!
Duong dan: X:\Finance 2.Controlling\Monthly Reporting\2025\4. Monthly sale vs SGM report\auto data
Kiem tra: 1) O X da ket noi chua?  2) Mo This PC xem co thay o X khong?
============================================================
[03-Aug-26 11:18:54.98] Khong co thay doi data - khong push 
============================================================ 
[03-Aug-26 11:30:02.66] Bat dau 
Doc cac bang tra cuu...
Doc & xu ly 3 file nguon (ACT + SO + SQ)...
    Sales detail with COGS.xlsx: bo 25 dong Grand Total / rong
    Sales detail with COGS.xlsx: bo 78 dong CANCELED (giu CANCELED = N)
    Sales Order Follow Up.xlsx: bo 1 dong Grand Total / rong
  ACT: 6,896 dong | SO: 171 dong | SQ: 8 dong
  Bo Channel = SEB / MLA = SEB (noi bo): 24 dong

============================================================
As of: 03-Aug-2026 11:30
So dong chi tiet: 7,051
So Channel: 11 | MLA: 38 | Item: 991
Tong Gross : 74,918,958,673
[KAM] Net 60,791,504,223 | SGM% 27.55%
[FIN] Net 60,501,145,817 | SGM% 38.08%
  ! Co 4 dong khong map duoc MLA (kiem tra Customer map)

  -> Da luu: C:\AI_Dashboard\kam_cache.parquet

XONG!
Buoc tiep: 1) Restart app  2) git add/commit/push (neu muon cap nhat cloud)
[main 99bbf48] Auto update KAM 03-Aug-26 11:30:32.75
 1 file changed, 0 insertions(+), 0 deletions(-)
To https://github.com/Joklc/sales-dashboard.git
   dfcacf1..99bbf48  main -> main
[03-Aug-26 11:30:36.90] Xong 
============================================================ 
[03-Aug-26 11:45:14.59] Bat dau 
Doc cac bang tra cuu...
Doc & xu ly 3 file nguon (ACT + SO + SQ)...
    Sales detail with COGS.xlsx: bo 25 dong Grand Total / rong
    Sales detail with COGS.xlsx: bo 78 dong CANCELED (giu CANCELED = N)
    Sales Order Follow Up.xlsx: bo 1 dong Grand Total / rong
  ACT: 6,896 dong | SO: 171 dong | SQ: 8 dong
  Bo Channel = SEB / MLA = SEB (noi bo): 24 dong

============================================================
As of: 03-Aug-2026 11:45
So dong chi tiet: 7,051
So Channel: 11 | MLA: 38 | Item: 991
Tong Gross : 74,918,958,673
[KAM] Net 60,791,504,223 | SGM% 27.55%
[FIN] Net 60,501,145,817 | SGM% 38.08%
  ! Co 4 dong khong map duoc MLA (kiem tra Customer map)

  -> Da luu: C:\AI_Dashboard\kam_cache.parquet

XONG!
Buoc tiep: 1) Restart app  2) git add/commit/push (neu muon cap nhat cloud)
[main 1601860] Auto update KAM 03-Aug-26 11:45:46.87
 1 file changed, 0 insertions(+), 0 deletions(-)
To https://github.com/Joklc/sales-dashboard.git
   99bbf48..1601860  main -> main
[03-Aug-26 11:45:50.77] Xong 
============================================================ 
[03-Aug-26 12:00:02.29] Bat dau 
Doc cac bang tra cuu...
Doc & xu ly 3 file nguon (ACT + SO + SQ)...
    Sales detail with COGS.xlsx: bo 25 dong Grand Total / rong
    Sales detail with COGS.xlsx: bo 78 dong CANCELED (giu CANCELED = N)
    Sales Order Follow Up.xlsx: bo 1 dong Grand Total / rong
  ACT: 6,896 dong | SO: 171 dong | SQ: 8 dong
  Bo Channel = SEB / MLA = SEB (noi bo): 24 dong

============================================================
As of: 03-Aug-2026 12:00
So dong chi tiet: 7,051
So Channel: 11 | MLA: 38 | Item: 991
Tong Gross : 74,918,958,673
[KAM] Net 60,791,504,223 | SGM% 27.55%
[FIN] Net 60,501,145,817 | SGM% 38.08%
  ! Co 4 dong khong map duoc MLA (kiem tra Customer map)

  -> Da luu: C:\AI_Dashboard\kam_cache.parquet

XONG!
Buoc tiep: 1) Restart app  2) git add/commit/push (neu muon cap nhat cloud)
[main 2972524] Auto update KAM 03-Aug-26 12:00:36.42
 1 file changed, 0 insertions(+), 0 deletions(-)
To https://github.com/Joklc/sales-dashboard.git
   1601860..2972524  main -> main
[03-Aug-26 12:00:40.63] Xong 
============================================================ 
[03-Aug-26 12:15:02.26] Bat dau 
Doc cac bang tra cuu...
Doc & xu ly 3 file nguon (ACT + SO + SQ)...
    Sales detail with COGS.xlsx: bo 25 dong Grand Total / rong
    Sales detail with COGS.xlsx: bo 78 dong CANCELED (giu CANCELED = N)
    Sales Order Follow Up.xlsx: bo 1 dong Grand Total / rong
  ACT: 6,896 dong | SO: 171 dong | SQ: 8 dong
  Bo Channel = SEB / MLA = SEB (noi bo): 24 dong

============================================================
As of: 03-Aug-2026 12:15
So dong chi tiet: 7,051
So Channel: 11 | MLA: 38 | Item: 991
Tong Gross : 74,918,958,673
[KAM] Net 60,791,504,223 | SGM% 27.55%
[FIN] Net 60,501,145,817 | SGM% 38.08%
  ! Co 4 dong khong map duoc MLA (kiem tra Customer map)

  -> Da luu: C:\AI_Dashboard\kam_cache.parquet

XONG!
Buoc tiep: 1) Restart app  2) git add/commit/push (neu muon cap nhat cloud)
[main 92eae19] Auto update KAM 03-Aug-26 12:15:35.10
 1 file changed, 0 insertions(+), 0 deletions(-)
To https://github.com/Joklc/sales-dashboard.git
   2972524..92eae19  main -> main
[03-Aug-26 12:15:39.91] Xong 
============================================================ 
[03-Aug-26 12:30:02.23] Bat dau 
Doc cac bang tra cuu...
Doc & xu ly 3 file nguon (ACT + SO + SQ)...
    Sales detail with COGS.xlsx: bo 25 dong Grand Total / rong
    Sales detail with COGS.xlsx: bo 78 dong CANCELED (giu CANCELED = N)
    Sales Order Follow Up.xlsx: bo 1 dong Grand Total / rong
  ACT: 6,896 dong | SO: 171 dong | SQ: 8 dong
  Bo Channel = SEB / MLA = SEB (noi bo): 24 dong

============================================================
As of: 03-Aug-2026 12:30
So dong chi tiet: 7,051
So Channel: 11 | MLA: 38 | Item: 991
Tong Gross : 74,918,958,673
[KAM] Net 60,791,504,223 | SGM% 27.55%
[FIN] Net 60,501,145,817 | SGM% 38.08%
  ! Co 4 dong khong map duoc MLA (kiem tra Customer map)

  -> Da luu: C:\AI_Dashboard\kam_cache.parquet

XONG!
Buoc tiep: 1) Restart app  2) git add/commit/push (neu muon cap nhat cloud)
[main f0a9443] Auto update KAM 03-Aug-26 12:30:31.14
 1 file changed, 0 insertions(+), 0 deletions(-)
To https://github.com/Joklc/sales-dashboard.git
   92eae19..f0a9443  main -> main
[03-Aug-26 12:30:35.17] Xong 
============================================================ 
[03-Aug-26 12:45:02.21] Bat dau 
Doc cac bang tra cuu...
Doc & xu ly 3 file nguon (ACT + SO + SQ)...
    Sales detail with COGS.xlsx: bo 25 dong Grand Total / rong
    Sales detail with COGS.xlsx: bo 78 dong CANCELED (giu CANCELED = N)
    Sales Order Follow Up.xlsx: bo 1 dong Grand Total / rong
  ACT: 6,896 dong | SO: 171 dong | SQ: 8 dong
  Bo Channel = SEB / MLA = SEB (noi bo): 24 dong

============================================================
As of: 03-Aug-2026 12:45
So dong chi tiet: 7,051
So Channel: 11 | MLA: 38 | Item: 991
Tong Gross : 74,918,958,673
[KAM] Net 60,791,504,223 | SGM% 27.55%
[FIN] Net 60,501,145,817 | SGM% 38.08%
  ! Co 4 dong khong map duoc MLA (kiem tra Customer map)

  -> Da luu: C:\AI_Dashboard\kam_cache.parquet

XONG!
Buoc tiep: 1) Restart app  2) git add/commit/push (neu muon cap nhat cloud)
[main c721720] Auto update KAM 03-Aug-26 12:45:29.57
 1 file changed, 0 insertions(+), 0 deletions(-)
To https://github.com/Joklc/sales-dashboard.git
   f0a9443..c721720  main -> main
[03-Aug-26 12:45:33.61] Xong 
============================================================ 
[03-Aug-26 13:00:02.20] Bat dau 
Doc cac bang tra cuu...
Doc & xu ly 3 file nguon (ACT + SO + SQ)...
    Sales detail with COGS.xlsx: bo 25 dong Grand Total / rong
    Sales detail with COGS.xlsx: bo 78 dong CANCELED (giu CANCELED = N)
    Sales Order Follow Up.xlsx: bo 1 dong Grand Total / rong
  ACT: 6,896 dong | SO: 171 dong | SQ: 8 dong
  Bo Channel = SEB / MLA = SEB (noi bo): 24 dong

============================================================
As of: 03-Aug-2026 13:00
So dong chi tiet: 7,051
So Channel: 11 | MLA: 38 | Item: 991
Tong Gross : 74,918,958,673
[KAM] Net 60,791,504,223 | SGM% 27.55%
[FIN] Net 60,501,145,817 | SGM% 38.08%
  ! Co 4 dong khong map duoc MLA (kiem tra Customer map)

  -> Da luu: C:\AI_Dashboard\kam_cache.parquet

XONG!
Buoc tiep: 1) Restart app  2) git add/commit/push (neu muon cap nhat cloud)
[main 0bf9e16] Auto update KAM 03-Aug-26 13:00:30.17
 1 file changed, 0 insertions(+), 0 deletions(-)
To https://github.com/Joklc/sales-dashboard.git
   c721720..0bf9e16  main -> main
[03-Aug-26 13:00:34.16] Xong 
============================================================ 
[03-Aug-26 13:15:02.28] Bat dau 
============================================================
KHONG TRUY CAP DUOC O MANG X!
Duong dan: X:\Finance 2.Controlling\Monthly Reporting\2025\4. Monthly sale vs SGM report\auto data
Kiem tra: 1) O X da ket noi chua?  2) Mo This PC xem co thay o X khong?
============================================================
[03-Aug-26 13:15:03.46] Khong co thay doi data - khong push 
============================================================ 
[03-Aug-26 13:30:02.21] Bat dau 
Doc cac bang tra cuu...
Doc & xu ly 3 file nguon (ACT + SO + SQ)...
    Sales detail with COGS.xlsx: bo 25 dong Grand Total / rong
    Sales detail with COGS.xlsx: bo 78 dong CANCELED (giu CANCELED = N)
    Sales Order Follow Up.xlsx: bo 1 dong Grand Total / rong
  ACT: 6,896 dong | SO: 167 dong | SQ: 8 dong
  Bo Channel = SEB / MLA = SEB (noi bo): 24 dong

============================================================
As of: 03-Aug-2026 13:31
So dong chi tiet: 7,047
So Channel: 11 | MLA: 38 | Item: 991
Tong Gross : 74,911,578,011
[KAM] Net 60,784,123,561 | SGM% 27.56%
[FIN] Net 60,493,765,155 | SGM% 38.09%
  ! Co 4 dong khong map duoc MLA (kiem tra Customer map)

  -> Da luu: C:\AI_Dashboard\kam_cache.parquet

XONG!
Buoc tiep: 1) Restart app  2) git add/commit/push (neu muon cap nhat cloud)
[main c8089e2] Auto update KAM 03-Aug-26 13:31:41.08
 1 file changed, 0 insertions(+), 0 deletions(-)
To https://github.com/Joklc/sales-dashboard.git
   0bf9e16..c8089e2  main -> main
[03-Aug-26 13:31:45.12] Xong 
============================================================ 
[03-Aug-26 13:45:02.25] Bat dau 
Doc cac bang tra cuu...
Doc & xu ly 3 file nguon (ACT + SO + SQ)...
Traceback (most recent call last):
  File "C:\AI_Dashboard\convert_kam.py", line 180, in <module>
    ACT = build_source(
        F_ACT, "Sales detail with COGS", 3,
        dict(cust="Customer code", item="Item code", comm="Comm. code",
             name="Item name", qty="Quantity", gross="Line Totalafter All DC"),
        net_gt0=False, cancel_col="CANCELED")
  File "C:\AI_Dashboard\convert_kam.py", line 116, in build_source
    df = pd.read_excel(P(fname), sheet_name=sheet, header=header)
  File "C:\Users\klcnguyen\AppData\Local\Python\pythoncore-3.14-64\Lib\site-packages\pandas\io\excel\_base.py", line 481, in read_excel
    io = ExcelFile(
        io,
    ...<2 lines>...
        engine_kwargs=engine_kwargs,
    )
  File "C:\Users\klcnguyen\AppData\Local\Python\pythoncore-3.14-64\Lib\site-packages\pandas\io\excel\_base.py", line 1621, in __init__
    self._reader = self._engines[engine](
                   ~~~~~~~~~~~~~~~~~~~~~^
        self._io,
        ^^^^^^^^^
        storage_options=storage_options,
        ^^^^^^^^^^^^^^^^^^^^^^^^^^^^^^^^
        engine_kwargs=engine_kwargs,
        ^^^^^^^^^^^^^^^^^^^^^^^^^^^^
    )
    ^
  File "C:\Users\klcnguyen\AppData\Local\Python\pythoncore-3.14-64\Lib\site-packages\pandas\io\excel\_openpyxl.py", line 560, in __init__
    super().__init__(
    ~~~~~~~~~~~~~~~~^
        filepath_or_buffer,
        ^^^^^^^^^^^^^^^^^^^
        storage_options=storage_options,
        ^^^^^^^^^^^^^^^^^^^^^^^^^^^^^^^^
        engine_kwargs=engine_kwargs,
        ^^^^^^^^^^^^^^^^^^^^^^^^^^^^
    )
    ^
  File "C:\Users\klcnguyen\AppData\Local\Python\pythoncore-3.14-64\Lib\site-packages\pandas\io\excel\_base.py", line 554, in __init__
    self.book = self.load_workbook(self.handles.handle, engine_kwargs)
                ~~~~~~~~~~~~~~~~~~^^^^^^^^^^^^^^^^^^^^^^^^^^^^^^^^^^^^
  File "C:\Users\klcnguyen\AppData\Local\Python\pythoncore-3.14-64\Lib\site-packages\pandas\io\excel\_openpyxl.py", line 579, in load_workbook
    return load_workbook(
        filepath_or_buffer,
        **(default_kwargs | engine_kwargs),
    )
  File "C:\Users\klcnguyen\AppData\Local\Python\pythoncore-3.14-64\Lib\site-packages\openpyxl\reader\excel.py", line 348, in load_workbook
    reader.read()
    ~~~~~~~~~~~^^
  File "C:\Users\klcnguyen\AppData\Local\Python\pythoncore-3.14-64\Lib\site-packages\openpyxl\reader\excel.py", line 303, in read
    self.read_worksheets()
    ~~~~~~~~~~~~~~~~~~~~^^
  File "C:\Users\klcnguyen\AppData\Local\Python\pythoncore-3.14-64\Lib\site-packages\openpyxl\reader\excel.py", line 228, in read_worksheets
    ws = ReadOnlyWorksheet(self.wb, sheet.name, rel.target, self.shared_strings)
  File "C:\Users\klcnguyen\AppData\Local\Python\pythoncore-3.14-64\Lib\site-packages\openpyxl\worksheet\_read_only.py", line 42, in __init__
    self._get_size()
    ~~~~~~~~~~~~~~^^
  File "C:\Users\klcnguyen\AppData\Local\Python\pythoncore-3.14-64\Lib\site-packages\openpyxl\worksheet\_read_only.py", line 49, in _get_size
    dimensions = parser.parse_dimensions()
  File "C:\Users\klcnguyen\AppData\Local\Python\pythoncore-3.14-64\Lib\site-packages\openpyxl\worksheet\_reader.py", line 178, in parse_dimensions
    for _event, element in it:
                           ^^
  File "C:\Users\klcnguyen\AppData\Local\Python\pythoncore-3.14-64\Lib\xml\etree\ElementTree.py", line 1262, in iterator
    data = source.read(16 * 1024)
  File "C:\Users\klcnguyen\AppData\Local\Python\pythoncore-3.14-64\Lib\zipfile\__init__.py", line 1105, in read
    data = self._read1(n)
  File "C:\Users\klcnguyen\AppData\Local\Python\pythoncore-3.14-64\Lib\zipfile\__init__.py", line 1173, in _read1
    data += self._read2(n - len(data))
            ~~~~~~~~~~~^^^^^^^^^^^^^^^
  File "C:\Users\klcnguyen\AppData\Local\Python\pythoncore-3.14-64\Lib\zipfile\__init__.py", line 1205, in _read2
    data = self._fileobj.read(n)
  File "C:\Users\klcnguyen\AppData\Local\Python\pythoncore-3.14-64\Lib\zipfile\__init__.py", line 924, in read
    data = self._file.read(n)
FileNotFoundError: [Errno 2] No such file or directory
[03-Aug-26 13:46:41.12] LOI convert_kam.py - bo qua lan nay 
============================================================ 
[03-Aug-26 14:00:02.54] Bat dau 
Doc cac bang tra cuu...
Doc & xu ly 3 file nguon (ACT + SO + SQ)...
    Sales detail with COGS.xlsx: bo 25 dong Grand Total / rong
    Sales detail with COGS.xlsx: bo 78 dong CANCELED (giu CANCELED = N)
    Sales Order Follow Up.xlsx: bo 1 dong Grand Total / rong
  ACT: 6,896 dong | SO: 167 dong | SQ: 8 dong
  Bo Channel = SEB / MLA = SEB (noi bo): 24 dong

============================================================
As of: 03-Aug-2026 14:00
So dong chi tiet: 7,047
So Channel: 11 | MLA: 38 | Item: 991
Tong Gross : 74,911,578,011
[KAM] Net 60,784,123,561 | SGM% 27.56%
[FIN] Net 60,493,765,155 | SGM% 38.09%
  ! Co 4 dong khong map duoc MLA (kiem tra Customer map)

  -> Da luu: C:\AI_Dashboard\kam_cache.parquet

XONG!
Buoc tiep: 1) Restart app  2) git add/commit/push (neu muon cap nhat cloud)
[main d5ad0a2] Auto update KAM 03-Aug-26 14:00:37.43
 1 file changed, 0 insertions(+), 0 deletions(-)
To https://github.com/Joklc/sales-dashboard.git
   c8089e2..d5ad0a2  main -> main
[03-Aug-26 14:00:43.08] Xong 
============================================================ 
[03-Aug-26 14:15:02.29] Bat dau 
^C============================================================ 
[03-Aug-26 14:16:35.61] Bat dau 
Doc cac bang tra cuu...
Doc & xu ly 3 file nguon (ACT + SO + SQ)...
    Sales detail with COGS.xlsx: bo 25 dong Grand Total / rong
    Sales detail with COGS.xlsx: bo 78 dong CANCELED (giu CANCELED = N)
    Sales Order Follow Up.xlsx: bo 1 dong Grand Total / rong
  ACT: 6,896 dong | SO: 159 dong | SQ: 8 dong
  Bo Channel = SEB / MLA = SEB (noi bo): 24 dong

============================================================
As of: 03-Aug-2026 14:17
So dong chi tiet: 7,039
So Channel: 11 | MLA: 38 | Item: 991
Tong Gross : 74,878,762,969
[KAM] Net 60,751,308,518 | SGM% 27.57%
[FIN] Net 60,460,950,112 | SGM% 38.10%
  ! Co 4 dong khong map duoc MLA (kiem tra Customer map)

  -> Da luu: C:\AI_Dashboard\kam_cache.parquet

XONG!
Buoc tiep: 1) Restart app  2) git add/commit/push (neu muon cap nhat cloud)
[main b4a780e] Auto update KAM 03-Aug-26 14:17:11.92
 1 file changed, 0 insertions(+), 0 deletions(-)
To https://github.com/Joklc/sales-dashboard.git
   d5ad0a2..b4a780e  main -> main
[03-Aug-26 14:17:16.48] Xong 
============================================================ 
[03-Aug-26 15:00:02.58] Bat dau 
Doc cac bang tra cuu...
Doc & xu ly 3 file nguon (ACT + SO + SQ)...
    Sales detail with COGS.xlsx: bo 25 dong Grand Total / rong
    Sales detail with COGS.xlsx: bo 78 dong CANCELED (giu CANCELED = N)
    Sales Order Follow Up.xlsx: bo 1 dong Grand Total / rong
  ACT: 6,896 dong | SO: 135 dong | SQ: 8 dong
  Bo Channel = SEB / MLA = SEB (noi bo): 24 dong

============================================================
As of: 03-Aug-2026 15:00
So dong chi tiet: 7,015
So Channel: 11 | MLA: 38 | Item: 990
Tong Gross : 74,851,306,881
[KAM] Net 60,730,655,737 | SGM% 27.58%
[FIN] Net 60,440,297,331 | SGM% 38.10%
  ! Co 4 dong khong map duoc MLA (kiem tra Customer map)

  -> Da luu: C:\AI_Dashboard\kam_cache.parquet

XONG!
Buoc tiep: 1) Restart app  2) git add/commit/push (neu muon cap nhat cloud)
[main e67e31e] Auto update KAM 03-Aug-26 15:00:36.89
 1 file changed, 0 insertions(+), 0 deletions(-)
To https://github.com/Joklc/sales-dashboard.git
   b4a780e..e67e31e  main -> main
[03-Aug-26 15:00:41.04] Xong 
============================================================ 
[03-Aug-26 16:00:02.61] Bat dau 
^C============================================================ 
[03-Aug-26 17:00:06.36] Bat dau 
^C============================================================ 
[03-Aug-26 18:00:02.28] Bat dau 
Doc cac bang tra cuu...
Doc & xu ly 3 file nguon (ACT + SO + SQ)...
    Sales detail with COGS.xlsx: bo 25 dong Grand Total / rong
    Sales detail with COGS.xlsx: bo 78 dong CANCELED (giu CANCELED = N)
    Sales Order Follow Up.xlsx: bo 1 dong Grand Total / rong
  ACT: 6,896 dong | SO: 126 dong | SQ: 8 dong
  Bo Channel = SEB / MLA = SEB (noi bo): 24 dong

============================================================
As of: 03-Aug-2026 18:00
So dong chi tiet: 7,006
So Channel: 11 | MLA: 38 | Item: 989
Tong Gross : 74,843,356,577
[KAM] Net 60,724,696,694 | SGM% 27.58%
[FIN] Net 60,434,338,288 | SGM% 38.10%
  ! Co 4 dong khong map duoc MLA (kiem tra Customer map)

  -> Da luu: C:\AI_Dashboard\kam_cache.parquet

XONG!
Buoc tiep: 1) Restart app  2) git add/commit/push (neu muon cap nhat cloud)
[main 38b945d] Auto update KAM 03-Aug-26 18:00:23.48
 1 file changed, 0 insertions(+), 0 deletions(-)
fatal: unable to access 'https://github.com/Joklc/sales-dashboard.git/': Recv failure: Connection was reset
[03-Aug-26 18:00:24.41] LOI khi push - thu pull roi push lai 
fatal: unable to access 'https://github.com/Joklc/sales-dashboard.git/': Recv failure: Connection was reset
fatal: unable to access 'https://github.com/Joklc/sales-dashboard.git/': Recv failure: Connection was reset
[03-Aug-26 18:00:25.31] Xong 
============================================================ 
[04-Aug-26  9:00:03.78] Bat dau 
============================================================
KHONG TRUY CAP DUOC O MANG X!
Duong dan: X:\Finance 2.Controlling\Monthly Reporting\2025\4. Monthly sale vs SGM report\auto data
Kiem tra: 1) O X da ket noi chua?  2) Mo This PC xem co thay o X khong?
============================================================
[04-Aug-26  9:00:09.12] Khong co thay doi data - khong push 
============================================================ 
[04-Aug-26 10:00:02.31] Bat dau 
Doc cac bang tra cuu...
Doc & xu ly 3 file nguon (ACT + SO + SQ)...
    Sales detail with COGS.xlsx: bo 1 dong Grand Total / rong
    Sales detail with COGS.xlsx: bo 0 dong CANCELED (giu CANCELED = N)
    Sales Order Follow Up.xlsx: bo 1 dong Grand Total / rong
  ACT: 379 dong | SO: 125 dong | SQ: 8 dong
  Bo Channel = SEB / MLA = SEB (noi bo): 5 dong

============================================================
As of: 04-Aug-2026 10:00
So dong chi tiet: 507
So Channel: 5 | MLA: 16 | Item: 302
Tong Gross : 757,386,750
[KAM] Net 707,488,253 | SGM% 42.74%
[FIN] Net 707,488,253 | SGM% 51.59%

  -> Da luu: C:\AI_Dashboard\kam_cache.parquet

XONG!
Buoc tiep: 1) Restart app  2) git add/commit/push (neu muon cap nhat cloud)
[main db2ed0e] Auto update KAM 04-Aug-26 10:00:09.25
 1 file changed, 0 insertions(+), 0 deletions(-)
To https://github.com/Joklc/sales-dashboard.git
   e67e31e..db2ed0e  main -> main
[04-Aug-26 10:00:15.29] Xong 
============================================================ 
[04-Aug-26 11:00:02.18] Bat dau 
Doc cac bang tra cuu...
Doc & xu ly 3 file nguon (ACT + SO + SQ)...
    Sales detail with COGS.xlsx: bo 1 dong Grand Total / rong
    Sales detail with COGS.xlsx: bo 0 dong CANCELED (giu CANCELED = N)
    Sales Order Follow Up.xlsx: bo 1 dong Grand Total / rong
  ACT: 379 dong | SO: 170 dong | SQ: 111 dong
  Bo Channel = SEB / MLA = SEB (noi bo): 0 dong

============================================================
As of: 04-Aug-2026 11:00
So dong chi tiet: 660
So Channel: 6 | MLA: 16 | Item: 298
Tong Gross : 1,231,624,006
[KAM] Net 1,049,384,915 | SGM% 28.76%
[FIN] Net 1,049,358,696 | SGM% 40.13%

  -> Da luu: C:\AI_Dashboard\kam_cache.parquet

XONG!
Buoc tiep: 1) Restart app  2) git add/commit/push (neu muon cap nhat cloud)
[main 953c6de] Auto update KAM 04-Aug-26 11:00:07.82
 1 file changed, 0 insertions(+), 0 deletions(-)
To https://github.com/Joklc/sales-dashboard.git
   db2ed0e..953c6de  main -> main
[04-Aug-26 11:00:11.97] Xong 
============================================================ 
[04-Aug-26 12:00:02.17] Bat dau 
Doc cac bang tra cuu...
Doc & xu ly 3 file nguon (ACT + SO + SQ)...
    Sales detail with COGS.xlsx: bo 1 dong Grand Total / rong
    Sales detail with COGS.xlsx: bo 0 dong CANCELED (giu CANCELED = N)
    Sales Order Follow Up.xlsx: bo 1 dong Grand Total / rong
  ACT: 404 dong | SO: 189 dong | SQ: 115 dong
  Bo Channel = SEB / MLA = SEB (noi bo): 0 dong

============================================================
As of: 04-Aug-2026 12:00
So dong chi tiet: 708
So Channel: 6 | MLA: 16 | Item: 305
Tong Gross : 1,371,204,355
[KAM] Net 1,168,031,548 | SGM% 39.07%
[FIN] Net 1,168,011,288 | SGM% 48.65%

  -> Da luu: C:\AI_Dashboard\kam_cache.parquet

XONG!
Buoc tiep: 1) Restart app  2) git add/commit/push (neu muon cap nhat cloud)
[main 346730d] Auto update KAM 04-Aug-26 12:00:07.58
 1 file changed, 0 insertions(+), 0 deletions(-)
To https://github.com/Joklc/sales-dashboard.git
   953c6de..346730d  main -> main
[04-Aug-26 12:00:11.85] Xong 
============================================================ 
[04-Aug-26 13:00:01.79] Bat dau 
Doc cac bang tra cuu...
Doc & xu ly 3 file nguon (ACT + SO + SQ)...
    Sales detail with COGS.xlsx: bo 1 dong Grand Total / rong
    Sales detail with COGS.xlsx: bo 0 dong CANCELED (giu CANCELED = N)
    Sales Order Follow Up.xlsx: bo 1 dong Grand Total / rong
  ACT: 404 dong | SO: 189 dong | SQ: 115 dong
  Bo Channel = SEB / MLA = SEB (noi bo): 0 dong

============================================================
As of: 04-Aug-2026 13:00
So dong chi tiet: 708
So Channel: 6 | MLA: 16 | Item: 305
Tong Gross : 1,371,204,355
[KAM] Net 1,168,031,548 | SGM% 39.07%
[FIN] Net 1,168,011,288 | SGM% 48.65%

  -> Da luu: C:\AI_Dashboard\kam_cache.parquet

XONG!
Buoc tiep: 1) Restart app  2) git add/commit/push (neu muon cap nhat cloud)
[main a9388cf] Auto update KAM 04-Aug-26 13:00:06.66
 1 file changed, 0 insertions(+), 0 deletions(-)
To https://github.com/Joklc/sales-dashboard.git
   346730d..a9388cf  main -> main
[04-Aug-26 13:00:10.94] Xong 
============================================================ 
[04-Aug-26 14:00:01.82] Bat dau 
Doc cac bang tra cuu...
Doc & xu ly 3 file nguon (ACT + SO + SQ)...
    Sales detail with COGS.xlsx: bo 1 dong Grand Total / rong
    Sales detail with COGS.xlsx: bo 0 dong CANCELED (giu CANCELED = N)
    Sales Order Follow Up.xlsx: bo 1 dong Grand Total / rong
  ACT: 404 dong | SO: 209 dong | SQ: 77 dong
  Bo Channel = SEB / MLA = SEB (noi bo): 0 dong

============================================================
As of: 04-Aug-2026 14:00
So dong chi tiet: 690
So Channel: 6 | MLA: 16 | Item: 304
Tong Gross : 1,370,090,520
[KAM] Net 1,167,218,449 | SGM% 39.10%
[FIN] Net 1,167,198,188 | SGM% 48.67%

  -> Da luu: C:\AI_Dashboard\kam_cache.parquet

XONG!
Buoc tiep: 1) Restart app  2) git add/commit/push (neu muon cap nhat cloud)
[main 260ae43] Auto update KAM 04-Aug-26 14:00:07.35
 1 file changed, 0 insertions(+), 0 deletions(-)
To https://github.com/Joklc/sales-dashboard.git
   a9388cf..260ae43  main -> main
[04-Aug-26 14:00:11.48] Xong 
============================================================ 
[04-Aug-26 15:09:50.29] Bat dau 
Doc cac bang tra cuu...
Doc & xu ly 3 file nguon (ACT + SO + SQ)...
    Sales detail with COGS.xlsx: bo 1 dong Grand Total / rong
    Sales detail with COGS.xlsx: bo 0 dong CANCELED (giu CANCELED = N)
    Sales Order Follow Up.xlsx: bo 1 dong Grand Total / rong
  ACT: 404 dong | SO: 221 dong | SQ: 71 dong
  Bo Channel = SEB / MLA = SEB (noi bo): 0 dong

============================================================
As of: 04-Aug-2026 15:09
So dong chi tiet: 696
So Channel: 6 | MLA: 16 | Item: 304
Tong Gross : 1,386,575,190
[KAM] Net 1,181,378,154 | SGM% 39.00%
[FIN] Net 1,181,357,893 | SGM% 48.63%

  -> Da luu: C:\AI_Dashboard\kam_cache.parquet

XONG!
Buoc tiep: 1) Restart app  2) git add/commit/push (neu muon cap nhat cloud)
[main c90bc3b] Auto update KAM 04-Aug-26 15:09:58.53
 1 file changed, 0 insertions(+), 0 deletions(-)
To https://github.com/Joklc/sales-dashboard.git
   260ae43..c90bc3b  main -> main
[04-Aug-26 15:10:02.47] Xong 
============================================================ 
[04-Aug-26 16:00:01.90] Bat dau 
Doc cac bang tra cuu...
Doc & xu ly 3 file nguon (ACT + SO + SQ)...
    Sales detail with COGS.xlsx: bo 1 dong Grand Total / rong
    Sales detail with COGS.xlsx: bo 0 dong CANCELED (giu CANCELED = N)
    Sales Order Follow Up.xlsx: bo 1 dong Grand Total / rong
  ACT: 404 dong | SO: 221 dong | SQ: 81 dong
  Bo Channel = SEB / MLA = SEB (noi bo): 0 dong

============================================================
As of: 04-Aug-2026 16:00
So dong chi tiet: 706
So Channel: 7 | MLA: 18 | Item: 308
Tong Gross : 1,806,109,453
[KAM] Net 1,409,339,613 | SGM% 38.45%
[FIN] Net 1,390,303,432 | SGM% 47.67%

  -> Da luu: C:\AI_Dashboard\kam_cache.parquet

XONG!
Buoc tiep: 1) Restart app  2) git add/commit/push (neu muon cap nhat cloud)
[main 5c7ee62] Auto update KAM 04-Aug-26 16:00:07.41
 1 file changed, 0 insertions(+), 0 deletions(-)
To https://github.com/Joklc/sales-dashboard.git
   c90bc3b..5c7ee62  main -> main
[04-Aug-26 16:00:11.85] Xong 
============================================================ 
[04-Aug-26 17:00:01.84] Bat dau 
Doc cac bang tra cuu...
Doc & xu ly 3 file nguon (ACT + SO + SQ)...
    Sales detail with COGS.xlsx: bo 1 dong Grand Total / rong
    Sales detail with COGS.xlsx: bo 0 dong CANCELED (giu CANCELED = N)
    Sales Order Follow Up.xlsx: bo 1 dong Grand Total / rong
  ACT: 404 dong | SO: 224 dong | SQ: 104 dong
  Bo Channel = SEB / MLA = SEB (noi bo): 0 dong

============================================================
As of: 04-Aug-2026 17:00
So dong chi tiet: 732
So Channel: 7 | MLA: 18 | Item: 313
Tong Gross : 1,964,731,685
[KAM] Net 1,537,472,807 | SGM% 37.80%
[FIN] Net 1,518,436,626 | SGM% 47.06%

  -> Da luu: C:\AI_Dashboard\kam_cache.parquet

XONG!
Buoc tiep: 1) Restart app  2) git add/commit/push (neu muon cap nhat cloud)
[main b51031b] Auto update KAM 04-Aug-26 17:00:06.56
 1 file changed, 0 insertions(+), 0 deletions(-)
fatal: unable to access 'https://github.com/Joklc/sales-dashboard.git/': Recv failure: Connection was reset
[04-Aug-26 17:00:07.33] LOI khi push - thu pull roi push lai 
fatal: unable to access 'https://github.com/Joklc/sales-dashboard.git/': Recv failure: Connection was reset
fatal: unable to access 'https://github.com/Joklc/sales-dashboard.git/': Recv failure: Connection was reset
[04-Aug-26 17:00:08.25] Xong 
============================================================ 
[04-Aug-26 18:00:01.89] Bat dau 
Doc cac bang tra cuu...
Doc & xu ly 3 file nguon (ACT + SO + SQ)...
    Sales detail with COGS.xlsx: bo 1 dong Grand Total / rong
    Sales detail with COGS.xlsx: bo 0 dong CANCELED (giu CANCELED = N)
    Sales Order Follow Up.xlsx: bo 1 dong Grand Total / rong
  ACT: 404 dong | SO: 257 dong | SQ: 60 dong
  Bo Channel = SEB / MLA = SEB (noi bo): 1 dong

============================================================
As of: 04-Aug-2026 18:00
So dong chi tiet: 720
So Channel: 7 | MLA: 18 | Item: 310
Tong Gross : 1,929,839,101
[KAM] Net 1,516,892,669 | SGM% 37.56%
[FIN] Net 1,497,856,488 | SGM% 46.68%

  -> Da luu: C:\AI_Dashboard\kam_cache.parquet

XONG!
Buoc tiep: 1) Restart app  2) git add/commit/push (neu muon cap nhat cloud)
[main 450e17a] Auto update KAM 04-Aug-26 18:00:06.89
 1 file changed, 0 insertions(+), 0 deletions(-)
fatal: unable to access 'https://github.com/Joklc/sales-dashboard.git/': Recv failure: Connection was reset
[04-Aug-26 18:00:07.64] LOI khi push - thu pull roi push lai 
fatal: unable to access 'https://github.com/Joklc/sales-dashboard.git/': Recv failure: Connection was reset
fatal: unable to access 'https://github.com/Joklc/sales-dashboard.git/': Recv failure: Connection was reset
[04-Aug-26 18:00:08.53] Xong 
============================================================ 
[05-Aug-26 10:00:02.58] Bat dau 
Doc cac bang tra cuu...
Doc & xu ly 3 file nguon (ACT + SO + SQ)...
    Sales detail with COGS.xlsx: bo 1 dong Grand Total / rong
    Sales detail with COGS.xlsx: bo 0 dong CANCELED (giu CANCELED = N)
    Sales Order Follow Up.xlsx: bo 1 dong Grand Total / rong
  ACT: 426 dong | SO: 252 dong | SQ: 59 dong
  Bo Channel = SEB / MLA = SEB (noi bo): 2 dong

============================================================
As of: 05-Aug-2026 10:00
So dong chi tiet: 735
So Channel: 8 | MLA: 19 | Item: 313
Tong Gross : 2,149,754,289
[KAM] Net 1,689,504,633 | SGM% 36.97%
[FIN] Net 1,670,468,452 | SGM% 46.03%

  -> Da luu: C:\AI_Dashboard\kam_cache.parquet

XONG!
Buoc tiep: 1) Restart app  2) git add/commit/push (neu muon cap nhat cloud)
[main afa6a21] Auto update KAM 05-Aug-26 10:00:10.83
 1 file changed, 0 insertions(+), 0 deletions(-)
To https://github.com/Joklc/sales-dashboard.git
   5c7ee62..afa6a21  main -> main
[05-Aug-26 10:00:17.26] Xong 
============================================================ 
[05-Aug-26 11:00:02.26] Bat dau 
Doc cac bang tra cuu...
Doc & xu ly 3 file nguon (ACT + SO + SQ)...
    Sales detail with COGS.xlsx: bo 1 dong Grand Total / rong
    Sales detail with COGS.xlsx: bo 0 dong CANCELED (giu CANCELED = N)
    Sales Order Follow Up.xlsx: bo 1 dong Grand Total / rong
  ACT: 498 dong | SO: 195 dong | SQ: 53 dong
  Bo Channel = SEB / MLA = SEB (noi bo): 2 dong

============================================================
As of: 05-Aug-2026 11:00
So dong chi tiet: 744
So Channel: 8 | MLA: 19 | Item: 314
Tong Gross : 2,360,455,954
[KAM] Net 1,854,902,055 | SGM% 33.94%
[FIN] Net 1,835,865,873 | SGM% 43.88%

  -> Da luu: C:\AI_Dashboard\kam_cache.parquet

XONG!
Buoc tiep: 1) Restart app  2) git add/commit/push (neu muon cap nhat cloud)
[main b099793] Auto update KAM 05-Aug-26 11:00:16.64
 1 file changed, 0 insertions(+), 0 deletions(-)
To https://github.com/Joklc/sales-dashboard.git
   afa6a21..b099793  main -> main
[05-Aug-26 11:00:21.45] Xong 
============================================================ 
[05-Aug-26 12:00:02.98] Bat dau 
Doc cac bang tra cuu...
Doc & xu ly 3 file nguon (ACT + SO + SQ)...
    Sales detail with COGS.xlsx: bo 1 dong Grand Total / rong
    Sales detail with COGS.xlsx: bo 0 dong CANCELED (giu CANCELED = N)
    Sales Order Follow Up.xlsx: bo 1 dong Grand Total / rong
  ACT: 649 dong | SO: 125 dong | SQ: 103 dong
  Bo Channel = SEB / MLA = SEB (noi bo): 1 dong

============================================================
As of: 05-Aug-2026 12:00
So dong chi tiet: 876
So Channel: 8 | MLA: 19 | Item: 344
Tong Gross : 3,036,912,612
[KAM] Net 2,422,901,938 | SGM% 32.25%
[FIN] Net 2,403,865,756 | SGM% 42.90%

  -> Da luu: C:\AI_Dashboard\kam_cache.parquet

XONG!
Buoc tiep: 1) Restart app  2) git add/commit/push (neu muon cap nhat cloud)
[main c388aa2] Auto update KAM 05-Aug-26 12:00:10.05
 1 file changed, 0 insertions(+), 0 deletions(-)
To https://github.com/Joklc/sales-dashboard.git
   b099793..c388aa2  main -> main
[05-Aug-26 12:00:14.44] Xong 
============================================================ 
[05-Aug-26 13:00:02.21] Bat dau 
Doc cac bang tra cuu...
Doc & xu ly 3 file nguon (ACT + SO + SQ)...
    Sales detail with COGS.xlsx: bo 1 dong Grand Total / rong
    Sales detail with COGS.xlsx: bo 0 dong CANCELED (giu CANCELED = N)
    Sales Order Follow Up.xlsx: bo 1 dong Grand Total / rong
  ACT: 649 dong | SO: 125 dong | SQ: 126 dong
  Bo Channel = SEB / MLA = SEB (noi bo): 1 dong

============================================================
As of: 05-Aug-2026 13:00
So dong chi tiet: 899
So Channel: 8 | MLA: 19 | Item: 349
Tong Gross : 3,177,901,784
[KAM] Net 2,539,375,607 | SGM% 31.88%
[FIN] Net 2,520,339,425 | SGM% 42.55%

  -> Da luu: C:\AI_Dashboard\kam_cache.parquet

XONG!
Buoc tiep: 1) Restart app  2) git add/commit/push (neu muon cap nhat cloud)
[main 8a6e87c] Auto update KAM 05-Aug-26 13:00:08.27
 1 file changed, 0 insertions(+), 0 deletions(-)
To https://github.com/Joklc/sales-dashboard.git
   c388aa2..8a6e87c  main -> main
[05-Aug-26 13:00:12.13] Xong 
============================================================ 
[05-Aug-26 14:00:02.30] Bat dau 
Doc cac bang tra cuu...
Doc & xu ly 3 file nguon (ACT + SO + SQ)...
    Sales detail with COGS.xlsx: bo 1 dong Grand Total / rong
    Sales detail with COGS.xlsx: bo 0 dong CANCELED (giu CANCELED = N)
    Sales Order Follow Up.xlsx: bo 1 dong Grand Total / rong
  ACT: 667 dong | SO: 187 dong | SQ: 228 dong
  Bo Channel = SEB / MLA = SEB (noi bo): 1 dong

============================================================
As of: 05-Aug-2026 14:00
So dong chi tiet: 1,081
So Channel: 8 | MLA: 19 | Item: 353
Tong Gross : 4,938,239,757
[KAM] Net 3,927,632,655 | SGM% 27.76%
[FIN] Net 3,908,596,474 | SGM% 39.20%

  -> Da luu: C:\AI_Dashboard\kam_cache.parquet

XONG!
Buoc tiep: 1) Restart app  2) git add/commit/push (neu muon cap nhat cloud)
[main c8600fb] Auto update KAM 05-Aug-26 14:00:16.94
 1 file changed, 0 insertions(+), 0 deletions(-)
To https://github.com/Joklc/sales-dashboard.git
   8a6e87c..c8600fb  main -> main
[05-Aug-26 14:00:21.47] Xong 
============================================================ 
[05-Aug-26 15:00:02.28] Bat dau 
Doc cac bang tra cuu...
Doc & xu ly 3 file nguon (ACT + SO + SQ)...
    Sales detail with COGS.xlsx: bo 3 dong Grand Total / rong
    Sales detail with COGS.xlsx: bo 0 dong CANCELED (giu CANCELED = N)
    Sales Order Follow Up.xlsx: bo 1 dong Grand Total / rong
  ACT: 677 dong | SO: 279 dong | SQ: 90 dong
  Bo Channel = SEB / MLA = SEB (noi bo): 1 dong

============================================================
As of: 05-Aug-2026 15:00
So dong chi tiet: 1,045
So Channel: 8 | MLA: 19 | Item: 367
Tong Gross : 4,122,074,807
[KAM] Net 3,284,311,371 | SGM% 30.77%
[FIN] Net 3,265,275,189 | SGM% 41.35%

  -> Da luu: C:\AI_Dashboard\kam_cache.parquet

XONG!
Buoc tiep: 1) Restart app  2) git add/commit/push (neu muon cap nhat cloud)
[main 5256626] Auto update KAM 05-Aug-26 15:00:18.25
 1 file changed, 0 insertions(+), 0 deletions(-)
To https://github.com/Joklc/sales-dashboard.git
   c8600fb..5256626  main -> main
[05-Aug-26 15:00:23.98] Xong 
============================================================ 
[05-Aug-26 16:00:01.81] Bat dau 
Doc cac bang tra cuu...
Doc & xu ly 3 file nguon (ACT + SO + SQ)...
    Sales detail with COGS.xlsx: bo 21 dong Grand Total / rong
    Sales detail with COGS.xlsx: bo 0 dong CANCELED (giu CANCELED = N)
    Sales Order Follow Up.xlsx: bo 1 dong Grand Total / rong
  ACT: 683 dong | SO: 309 dong | SQ: 79 dong
  Bo Channel = SEB / MLA = SEB (noi bo): 1 dong

============================================================
As of: 05-Aug-2026 16:00
So dong chi tiet: 1,070
So Channel: 9 | MLA: 20 | Item: 374
Tong Gross : 4,164,600,959
[KAM] Net 3,315,679,185 | SGM% 30.63%
[FIN] Net 3,296,643,003 | SGM% 41.22%

  -> Da luu: C:\AI_Dashboard\kam_cache.parquet

XONG!
Buoc tiep: 1) Restart app  2) git add/commit/push (neu muon cap nhat cloud)
[main 88e7ea9] Auto update KAM 05-Aug-26 16:00:16.54
 1 file changed, 0 insertions(+), 0 deletions(-)
To https://github.com/Joklc/sales-dashboard.git
   5256626..88e7ea9  main -> main
[05-Aug-26 16:00:22.18] Xong 
============================================================ 
[05-Aug-26 17:00:01.82] Bat dau 
Doc cac bang tra cuu...
Doc & xu ly 3 file nguon (ACT + SO + SQ)...
    Sales detail with COGS.xlsx: bo 21 dong Grand Total / rong
    Sales detail with COGS.xlsx: bo 0 dong CANCELED (giu CANCELED = N)
    Sales Order Follow Up.xlsx: bo 1 dong Grand Total / rong
  ACT: 691 dong | SO: 318 dong | SQ: 70 dong
  Bo Channel = SEB / MLA = SEB (noi bo): 1 dong

============================================================
As of: 05-Aug-2026 17:00
So dong chi tiet: 1,078
So Channel: 9 | MLA: 20 | Item: 384
Tong Gross : 4,160,126,751
[KAM] Net 3,313,172,865 | SGM% 30.62%
[FIN] Net 3,294,136,683 | SGM% 41.22%

  -> Da luu: C:\AI_Dashboard\kam_cache.parquet

XONG!
Buoc tiep: 1) Restart app  2) git add/commit/push (neu muon cap nhat cloud)
[main 08139c3] Auto update KAM 05-Aug-26 17:00:16.74
 1 file changed, 0 insertions(+), 0 deletions(-)
To https://github.com/Joklc/sales-dashboard.git
   88e7ea9..08139c3  main -> main
[05-Aug-26 17:00:23.46] Xong 
============================================================ 
[05-Aug-26 18:00:01.87] Bat dau 
Doc cac bang tra cuu...
Doc & xu ly 3 file nguon (ACT + SO + SQ)...
    Sales detail with COGS.xlsx: bo 26 dong Grand Total / rong
    Sales detail with COGS.xlsx: bo 0 dong CANCELED (giu CANCELED = N)
    Sales Order Follow Up.xlsx: bo 1 dong Grand Total / rong
  ACT: 691 dong | SO: 318 dong | SQ: 71 dong
  Bo Channel = SEB / MLA = SEB (noi bo): 1 dong

============================================================
As of: 05-Aug-2026 18:00
So dong chi tiet: 1,079
So Channel: 9 | MLA: 20 | Item: 382
Tong Gross : 4,198,501,464
[KAM] Net 3,343,857,409 | SGM% 30.10%
[FIN] Net 3,324,821,227 | SGM% 40.81%

  -> Da luu: C:\AI_Dashboard\kam_cache.parquet

XONG!
Buoc tiep: 1) Restart app  2) git add/commit/push (neu muon cap nhat cloud)
[main 6f6da56] Auto update KAM 05-Aug-26 18:00:07.26
 1 file changed, 0 insertions(+), 0 deletions(-)
To https://github.com/Joklc/sales-dashboard.git
   08139c3..6f6da56  main -> main
[05-Aug-26 18:00:11.89] Xong 
============================================================ 
[07-Aug-26 10:35:28.95] Bat dau 
Doc cac bang tra cuu...
Doc & xu ly 3 file nguon (ACT + SO + SQ)...
    Sales detail with COGS.xlsx: bo 37 dong Grand Total / rong
    Sales detail with COGS.xlsx: bo 0 dong CANCELED (giu CANCELED = N)
    Sales Order Follow Up.xlsx: bo 1 dong Grand Total / rong
  ACT: 911 dong | SO: 247 dong | SQ: 361 dong
  Bo Channel = SEB / MLA = SEB (noi bo): 3 dong

============================================================
As of: 07-Aug-2026 10:35
So dong chi tiet: 1,516
So Channel: 9 | MLA: 23 | Item: 433
Tong Gross : 7,305,163,528
[KAM] Net 5,844,218,151 | SGM% 28.46%
[FIN] Net 5,824,278,760 | SGM% 38.82%

  -> Da luu: C:\AI_Dashboard\kam_cache.parquet

XONG!
Buoc tiep: 1) Restart app  2) git add/commit/push (neu muon cap nhat cloud)
[main 7d242d5] Auto update KAM 07-Aug-26 10:35:39.52
 1 file changed, 0 insertions(+), 0 deletions(-)
fatal: unable to access 'https://github.com/Joklc/sales-dashboard.git/': Recv failure: Connection was reset
[07-Aug-26 10:35:40.78] LOI khi push - thu pull roi push lai 
fatal: unable to access 'https://github.com/Joklc/sales-dashboard.git/': Recv failure: Connection was reset
fatal: unable to access 'https://github.com/Joklc/sales-dashboard.git/': Recv failure: Connection was reset
[07-Aug-26 10:35:42.00] Xong 
============================================================ 
[07-Aug-26 11:05:40.38] Bat dau 
Doc cac bang tra cuu...
Doc & xu ly 3 file nguon (ACT + SO + SQ)...
    Sales detail with COGS.xlsx: bo 37 dong Grand Total / rong
    Sales detail with COGS.xlsx: bo 0 dong CANCELED (giu CANCELED = N)
    Sales Order Follow Up.xlsx: bo 1 dong Grand Total / rong
  ACT: 912 dong | SO: 273 dong | SQ: 392 dong
  Bo Channel = SEB / MLA = SEB (noi bo): 3 dong

============================================================
As of: 07-Aug-2026 11:06
So dong chi tiet: 1,574
So Channel: 10 | MLA: 24 | Item: 441
Tong Gross : 8,132,917,528
[KAM] Net 6,589,697,449 | SGM% 31.02%
[FIN] Net 6,569,758,057 | SGM% 40.94%

  -> Da luu: C:\AI_Dashboard\kam_cache.parquet

XONG!
Buoc tiep: 1) Restart app  2) git add/commit/push (neu muon cap nhat cloud)
[main b69b61f] Auto update KAM 07-Aug-26 11:06:10.19
 1 file changed, 0 insertions(+), 0 deletions(-)
fatal: unable to access 'https://github.com/Joklc/sales-dashboard.git/': Recv failure: Connection was reset
[07-Aug-26 11:06:11.53] LOI khi push - thu pull roi push lai 
fatal: unable to access 'https://github.com/Joklc/sales-dashboard.git/': Recv failure: Connection was reset
fatal: unable to access 'https://github.com/Joklc/sales-dashboard.git/': Recv failure: Connection was reset
[07-Aug-26 11:06:44.31] Xong 
============================================================ 
[07-Aug-26 12:00:01.95] Bat dau 
Doc cac bang tra cuu...
Doc & xu ly 3 file nguon (ACT + SO + SQ)...
    Sales detail with COGS.xlsx: bo 37 dong Grand Total / rong
    Sales detail with COGS.xlsx: bo 0 dong CANCELED (giu CANCELED = N)
    Sales Order Follow Up.xlsx: bo 1 dong Grand Total / rong
  ACT: 998 dong | SO: 240 dong | SQ: 395 dong
  Bo Channel = SEB / MLA = SEB (noi bo): 3 dong

============================================================
As of: 07-Aug-2026 12:00
So dong chi tiet: 1,630
So Channel: 10 | MLA: 24 | Item: 450
Tong Gross : 8,259,780,998
[KAM] Net 6,713,119,750 | SGM% 31.62%
[FIN] Net 6,693,180,358 | SGM% 41.46%

  -> Da luu: C:\AI_Dashboard\kam_cache.parquet

XONG!
Buoc tiep: 1) Restart app  2) git add/commit/push (neu muon cap nhat cloud)
[main c2bdf60] Auto update KAM 07-Aug-26 12:00:07.05
 1 file changed, 0 insertions(+), 0 deletions(-)
fatal: unable to access 'https://github.com/Joklc/sales-dashboard.git/': Recv failure: Connection was reset
[07-Aug-26 12:00:07.77] LOI khi push - thu pull roi push lai 
fatal: unable to access 'https://github.com/Joklc/sales-dashboard.git/': Recv failure: Connection was reset
fatal: unable to access 'https://github.com/Joklc/sales-dashboard.git/': Recv failure: Connection was reset
[07-Aug-26 12:00:08.60] Xong 
============================================================ 
[07-Aug-26 13:00:02.01] Bat dau 
Doc cac bang tra cuu...
Doc & xu ly 3 file nguon (ACT + SO + SQ)...
    Sales detail with COGS.xlsx: bo 37 dong Grand Total / rong
    Sales detail with COGS.xlsx: bo 0 dong CANCELED (giu CANCELED = N)
    Sales Order Follow Up.xlsx: bo 1 dong Grand Total / rong
  ACT: 998 dong | SO: 240 dong | SQ: 338 dong
  Bo Channel = SEB / MLA = SEB (noi bo): 3 dong

============================================================
As of: 07-Aug-2026 13:00
So dong chi tiet: 1,573
So Channel: 9 | MLA: 23 | Item: 442
Tong Gross : 7,432,026,998
[KAM] Net 5,967,640,452 | SGM% 29.19%
[FIN] Net 5,947,701,060 | SGM% 39.45%

  -> Da luu: C:\AI_Dashboard\kam_cache.parquet

XONG!
Buoc tiep: 1) Restart app  2) git add/commit/push (neu muon cap nhat cloud)
[main 026e586] Auto update KAM 07-Aug-26 13:00:08.77
 1 file changed, 0 insertions(+), 0 deletions(-)
fatal: unable to access 'https://github.com/Joklc/sales-dashboard.git/': Recv failure: Connection was reset
[07-Aug-26 13:00:09.48] LOI khi push - thu pull roi push lai 
fatal: unable to access 'https://github.com/Joklc/sales-dashboard.git/': Recv failure: Connection was reset
fatal: unable to access 'https://github.com/Joklc/sales-dashboard.git/': Recv failure: Connection was reset
[07-Aug-26 13:00:10.26] Xong 
============================================================ 
[07-Aug-26 14:00:01.82] Bat dau 
Doc cac bang tra cuu...
Doc & xu ly 3 file nguon (ACT + SO + SQ)...
    Sales detail with COGS.xlsx: bo 37 dong Grand Total / rong
    Sales detail with COGS.xlsx: bo 0 dong CANCELED (giu CANCELED = N)
    Sales Order Follow Up.xlsx: bo 1 dong Grand Total / rong
  ACT: 998 dong | SO: 240 dong | SQ: 396 dong
  Bo Channel = SEB / MLA = SEB (noi bo): 3 dong

============================================================
As of: 07-Aug-2026 14:00
So dong chi tiet: 1,631
So Channel: 10 | MLA: 24 | Item: 459
Tong Gross : 8,254,522,964
[KAM] Net 6,708,856,508 | SGM% 26.00%
[FIN] Net 6,688,917,116 | SGM% 36.52%

  -> Da luu: C:\AI_Dashboard\kam_cache.parquet

XONG!
Buoc tiep: 1) Restart app  2) git add/commit/push (neu muon cap nhat cloud)
[main 5af6fe6] Auto update KAM 07-Aug-26 14:00:08.68
 1 file changed, 0 insertions(+), 0 deletions(-)
fatal: unable to access 'https://github.com/Joklc/sales-dashboard.git/': Recv failure: Connection was reset
[07-Aug-26 14:00:09.40] LOI khi push - thu pull roi push lai 
fatal: unable to access 'https://github.com/Joklc/sales-dashboard.git/': Recv failure: Connection was reset
fatal: unable to access 'https://github.com/Joklc/sales-dashboard.git/': Recv failure: Connection was reset
[07-Aug-26 14:00:10.31] Xong 
============================================================ 
[07-Aug-26 15:08:08.27] Bat dau 
Doc cac bang tra cuu...
Doc & xu ly 3 file nguon (ACT + SO + SQ)...
    Sales detail with COGS.xlsx: bo 37 dong Grand Total / rong
    Sales detail with COGS.xlsx: bo 0 dong CANCELED (giu CANCELED = N)
    Sales Order Follow Up.xlsx: bo 1 dong Grand Total / rong
  ACT: 1,095 dong | SO: 323 dong | SQ: 257 dong
  Bo Channel = SEB / MLA = SEB (noi bo): 3 dong

============================================================
As of: 07-Aug-2026 15:08
So dong chi tiet: 1,672
So Channel: 10 | MLA: 24 | Item: 471
Tong Gross : 8,306,205,108
[KAM] Net 6,762,100,647 | SGM% 31.23%
[FIN] Net 6,742,138,327 | SGM% 41.09%

  -> Da luu: C:\AI_Dashboard\kam_cache.parquet

XONG!
Buoc tiep: 1) Restart app  2) git add/commit/push (neu muon cap nhat cloud)
[main ea4214a] Auto update KAM 07-Aug-26 15:08:15.08
 1 file changed, 0 insertions(+), 0 deletions(-)
To https://github.com/Joklc/sales-dashboard.git
   ae223e6..ea4214a  main -> main
[07-Aug-26 15:08:19.28] Xong 
============================================================ 
[07-Aug-26 15:10:01.83] Bat dau 
Doc cac bang tra cuu...
Doc & xu ly 3 file nguon (ACT + SO + SQ)...
    Sales detail with COGS.xlsx: bo 37 dong Grand Total / rong
    Sales detail with COGS.xlsx: bo 0 dong CANCELED (giu CANCELED = N)
    Sales Order Follow Up.xlsx: bo 1 dong Grand Total / rong
  ACT: 1,095 dong | SO: 323 dong | SQ: 257 dong
  Bo Channel = SEB / MLA = SEB (noi bo): 3 dong

============================================================
As of: 07-Aug-2026 15:10
So dong chi tiet: 1,672
So Channel: 10 | MLA: 24 | Item: 471
Tong Gross : 8,306,205,108
[KAM] Net 6,762,100,647 | SGM% 31.23%
[FIN] Net 6,742,138,327 | SGM% 41.09%

  -> Da luu: C:\AI_Dashboard\kam_cache.parquet

XONG!
Buoc tiep: 1) Restart app  2) git add/commit/push (neu muon cap nhat cloud)
[main 3f27aff] Auto update KAM 07-Aug-26 15:10:11.30
 1 file changed, 0 insertions(+), 0 deletions(-)
To https://github.com/Joklc/sales-dashboard.git
   ea4214a..3f27aff  main -> main
[07-Aug-26 15:10:16.33] Xong 
============================================================ 
[07-Aug-26 15:20:01.81] Bat dau 
Doc cac bang tra cuu...
Doc & xu ly 3 file nguon (ACT + SO + SQ)...
    Sales detail with COGS.xlsx: bo 37 dong Grand Total / rong
    Sales detail with COGS.xlsx: bo 0 dong CANCELED (giu CANCELED = N)
    Sales Order Follow Up.xlsx: bo 1 dong Grand Total / rong
  ACT: 1,095 dong | SO: 321 dong | SQ: 257 dong
  Bo Channel = SEB / MLA = SEB (noi bo): 3 dong

============================================================
As of: 07-Aug-2026 15:20
So dong chi tiet: 1,670
So Channel: 10 | MLA: 24 | Item: 471
Tong Gross : 8,306,205,108
[KAM] Net 6,762,100,647 | SGM% 31.23%
[FIN] Net 6,742,138,327 | SGM% 41.09%

  -> Da luu: C:\AI_Dashboard\kam_cache.parquet

XONG!
Buoc tiep: 1) Restart app  2) git add/commit/push (neu muon cap nhat cloud)
[main e373b4b] Auto update KAM 07-Aug-26 15:20:10.05
 1 file changed, 0 insertions(+), 0 deletions(-)
To https://github.com/Joklc/sales-dashboard.git
   3f27aff..e373b4b  main -> main
[07-Aug-26 15:20:14.35] Xong 
============================================================ 
[07-Aug-26 15:30:01.79] Bat dau 
Doc cac bang tra cuu...
Doc & xu ly 3 file nguon (ACT + SO + SQ)...
    Sales detail with COGS.xlsx: bo 37 dong Grand Total / rong
    Sales detail with COGS.xlsx: bo 0 dong CANCELED (giu CANCELED = N)
    Sales Order Follow Up.xlsx: bo 1 dong Grand Total / rong
  ACT: 1,095 dong | SO: 321 dong | SQ: 276 dong
  Bo Channel = SEB / MLA = SEB (noi bo): 3 dong

============================================================
As of: 07-Aug-2026 15:30
So dong chi tiet: 1,689
So Channel: 10 | MLA: 24 | Item: 473
Tong Gross : 8,927,467,169
[KAM] Net 7,097,582,160 | SGM% 31.42%
[FIN] Net 7,046,556,736 | SGM% 41.06%

  -> Da luu: C:\AI_Dashboard\kam_cache.parquet

XONG!
Buoc tiep: 1) Restart app  2) git add/commit/push (neu muon cap nhat cloud)
[main ac9e61e] Auto update KAM 07-Aug-26 15:30:08.59
 1 file changed, 0 insertions(+), 0 deletions(-)
To https://github.com/Joklc/sales-dashboard.git
   e373b4b..ac9e61e  main -> main
[07-Aug-26 15:30:13.03] Xong 
============================================================ 
[07-Aug-26 15:40:01.82] Bat dau 
Doc cac bang tra cuu...
Doc & xu ly 3 file nguon (ACT + SO + SQ)...
    Sales detail with COGS.xlsx: bo 37 dong Grand Total / rong
    Sales detail with COGS.xlsx: bo 0 dong CANCELED (giu CANCELED = N)
    Sales Order Follow Up.xlsx: bo 1 dong Grand Total / rong
  ACT: 1,095 dong | SO: 321 dong | SQ: 276 dong
  Bo Channel = SEB / MLA = SEB (noi bo): 3 dong

============================================================
As of: 07-Aug-2026 15:40
So dong chi tiet: 1,689
So Channel: 10 | MLA: 24 | Item: 473
Tong Gross : 8,927,467,169
[KAM] Net 7,097,582,160 | SGM% 31.42%
[FIN] Net 7,046,556,736 | SGM% 41.06%

  -> Da luu: C:\AI_Dashboard\kam_cache.parquet

XONG!
Buoc tiep: 1) Restart app  2) git add/commit/push (neu muon cap nhat cloud)
[main 26557f2] Auto update KAM 07-Aug-26 15:40:39.65
 1 file changed, 0 insertions(+), 0 deletions(-)
To https://github.com/Joklc/sales-dashboard.git
   ac9e61e..26557f2  main -> main
[07-Aug-26 15:40:44.07] Xong 
============================================================ 
[07-Aug-26 15:50:01.82] Bat dau 
Doc cac bang tra cuu...
Doc & xu ly 3 file nguon (ACT + SO + SQ)...
    Sales detail with COGS.xlsx: bo 37 dong Grand Total / rong
    Sales detail with COGS.xlsx: bo 0 dong CANCELED (giu CANCELED = N)
    Sales Order Follow Up.xlsx: bo 1 dong Grand Total / rong
  ACT: 1,095 dong | SO: 321 dong | SQ: 276 dong
  Bo Channel = SEB / MLA = SEB (noi bo): 3 dong

============================================================
As of: 07-Aug-2026 15:50
So dong chi tiet: 1,689
So Channel: 10 | MLA: 24 | Item: 473
Tong Gross : 8,927,467,169
[KAM] Net 7,097,582,160 | SGM% 31.42%
[FIN] Net 7,046,556,736 | SGM% 41.06%

  -> Da luu: C:\AI_Dashboard\kam_cache.parquet

XONG!
Buoc tiep: 1) Restart app  2) git add/commit/push (neu muon cap nhat cloud)
[main 0056909] Auto update KAM 07-Aug-26 15:50:09.67
 1 file changed, 0 insertions(+), 0 deletions(-)
To https://github.com/Joklc/sales-dashboard.git
   26557f2..0056909  main -> main
[07-Aug-26 15:50:14.34] Xong 
============================================================ 
[07-Aug-26 16:00:01.81] Bat dau 
Doc cac bang tra cuu...
Doc & xu ly 3 file nguon (ACT + SO + SQ)...
    Sales detail with COGS.xlsx: bo 37 dong Grand Total / rong
    Sales detail with COGS.xlsx: bo 0 dong CANCELED (giu CANCELED = N)
    Sales Order Follow Up.xlsx: bo 1 dong Grand Total / rong
  ACT: 1,095 dong | SO: 321 dong | SQ: 276 dong
  Bo Channel = SEB / MLA = SEB (noi bo): 3 dong

============================================================
As of: 07-Aug-2026 16:00
So dong chi tiet: 1,689
So Channel: 10 | MLA: 24 | Item: 473
Tong Gross : 8,927,467,169
[KAM] Net 7,097,582,160 | SGM% 31.42%
[FIN] Net 7,046,556,736 | SGM% 41.06%

  -> Da luu: C:\AI_Dashboard\kam_cache.parquet

XONG!
Buoc tiep: 1) Restart app  2) git add/commit/push (neu muon cap nhat cloud)
[main 2ab746e] Auto update KAM 07-Aug-26 16:00:10.23
 1 file changed, 0 insertions(+), 0 deletions(-)
To https://github.com/Joklc/sales-dashboard.git
   0056909..2ab746e  main -> main
[07-Aug-26 16:00:14.99] Xong 
============================================================ 
[07-Aug-26 16:10:01.81] Bat dau 
Doc cac bang tra cuu...
Doc & xu ly 3 file nguon (ACT + SO + SQ)...
    Sales detail with COGS.xlsx: bo 37 dong Grand Total / rong
    Sales detail with COGS.xlsx: bo 0 dong CANCELED (giu CANCELED = N)
    Sales Order Follow Up.xlsx: bo 1 dong Grand Total / rong
  ACT: 1,095 dong | SO: 492 dong | SQ: 111 dong
  Bo Channel = SEB / MLA = SEB (noi bo): 3 dong

============================================================
As of: 07-Aug-2026 16:10
So dong chi tiet: 1,695
So Channel: 10 | MLA: 24 | Item: 475
Tong Gross : 9,106,060,281
[KAM] Net 7,233,312,925 | SGM% 31.46%
[FIN] Net 7,182,287,502 | SGM% 41.08%

  -> Da luu: C:\AI_Dashboard\kam_cache.parquet

XONG!
Buoc tiep: 1) Restart app  2) git add/commit/push (neu muon cap nhat cloud)
[main 9868ae2] Auto update KAM 07-Aug-26 16:10:13.28
 1 file changed, 0 insertions(+), 0 deletions(-)
To https://github.com/Joklc/sales-dashboard.git
   2ab746e..9868ae2  main -> main
[07-Aug-26 16:10:21.60] Xong 
============================================================ 
[07-Aug-26 16:20:01.80] Bat dau 
Doc cac bang tra cuu...
Doc & xu ly 3 file nguon (ACT + SO + SQ)...
    Sales detail with COGS.xlsx: bo 37 dong Grand Total / rong
    Sales detail with COGS.xlsx: bo 14 dong CANCELED (giu CANCELED = N)
    Sales Order Follow Up.xlsx: bo 1 dong Grand Total / rong
  ACT: 1,088 dong | SO: 518 dong | SQ: 102 dong
  Bo Channel = SEB / MLA = SEB (noi bo): 3 dong

============================================================
As of: 07-Aug-2026 16:20
So dong chi tiet: 1,705
So Channel: 10 | MLA: 24 | Item: 475
Tong Gross : 9,541,818,733
[KAM] Net 7,564,489,349 | SGM% 31.01%
[FIN] Net 7,513,463,925 | SGM% 40.64%

  -> Da luu: C:\AI_Dashboard\kam_cache.parquet

XONG!
Buoc tiep: 1) Restart app  2) git add/commit/push (neu muon cap nhat cloud)
[main 7dd7e45] Auto update KAM 07-Aug-26 16:20:16.04
 1 file changed, 0 insertions(+), 0 deletions(-)
To https://github.com/Joklc/sales-dashboard.git
   9868ae2..7dd7e45  main -> main
[07-Aug-26 16:20:20.61] Xong 
============================================================ 
[07-Aug-26 16:30:01.79] Bat dau 
Doc cac bang tra cuu...
Doc & xu ly 3 file nguon (ACT + SO + SQ)...
    Sales detail with COGS.xlsx: bo 37 dong Grand Total / rong
    Sales detail with COGS.xlsx: bo 14 dong CANCELED (giu CANCELED = N)
    Sales Order Follow Up.xlsx: bo 1 dong Grand Total / rong
  ACT: 1,088 dong | SO: 518 dong | SQ: 102 dong
  Bo Channel = SEB / MLA = SEB (noi bo): 3 dong

============================================================
As of: 07-Aug-2026 16:30
So dong chi tiet: 1,705
So Channel: 10 | MLA: 24 | Item: 475
Tong Gross : 9,541,818,733
[KAM] Net 7,564,489,349 | SGM% 31.01%
[FIN] Net 7,513,463,925 | SGM% 40.64%

  -> Da luu: C:\AI_Dashboard\kam_cache.parquet

XONG!
Buoc tiep: 1) Restart app  2) git add/commit/push (neu muon cap nhat cloud)
[main 228f754] Auto update KAM 07-Aug-26 16:30:08.03
 1 file changed, 0 insertions(+), 0 deletions(-)
To https://github.com/Joklc/sales-dashboard.git
   7dd7e45..228f754  main -> main
[07-Aug-26 16:30:12.21] Xong 
============================================================ 
[07-Aug-26 16:40:01.84] Bat dau 
Doc cac bang tra cuu...
Doc & xu ly 3 file nguon (ACT + SO + SQ)...
    Sales detail with COGS.xlsx: bo 37 dong Grand Total / rong
    Sales detail with COGS.xlsx: bo 14 dong CANCELED (giu CANCELED = N)
    Sales Order Follow Up.xlsx: bo 1 dong Grand Total / rong
  ACT: 1,089 dong | SO: 518 dong | SQ: 110 dong
  Bo Channel = SEB / MLA = SEB (noi bo): 3 dong

============================================================
As of: 07-Aug-2026 16:40
So dong chi tiet: 1,714
So Channel: 10 | MLA: 24 | Item: 476
Tong Gross : 9,890,178,200
[KAM] Net 7,829,252,630 | SGM% 30.70%
[FIN] Net 7,778,217,927 | SGM% 40.34%

  -> Da luu: C:\AI_Dashboard\kam_cache.parquet

XONG!
Buoc tiep: 1) Restart app  2) git add/commit/push (neu muon cap nhat cloud)
[main 637d101] Auto update KAM 07-Aug-26 16:40:09.82
 1 file changed, 0 insertions(+), 0 deletions(-)
To https://github.com/Joklc/sales-dashboard.git
   228f754..637d101  main -> main
[07-Aug-26 16:40:14.01] Xong 
============================================================ 
[07-Aug-26 16:50:01.80] Bat dau 
Doc cac bang tra cuu...
Doc & xu ly 3 file nguon (ACT + SO + SQ)...
    Sales detail with COGS.xlsx: bo 37 dong Grand Total / rong
    Sales detail with COGS.xlsx: bo 14 dong CANCELED (giu CANCELED = N)
    Sales Order Follow Up.xlsx: bo 1 dong Grand Total / rong
  ACT: 1,089 dong | SO: 537 dong | SQ: 94 dong
  Bo Channel = SEB / MLA = SEB (noi bo): 4 dong

============================================================
As of: 07-Aug-2026 16:50
So dong chi tiet: 1,716
So Channel: 10 | MLA: 24 | Item: 476
Tong Gross : 9,915,074,493
[KAM] Net 7,850,414,479 | SGM% 30.76%
[FIN] Net 7,799,379,776 | SGM% 40.39%

  -> Da luu: C:\AI_Dashboard\kam_cache.parquet

XONG!
Buoc tiep: 1) Restart app  2) git add/commit/push (neu muon cap nhat cloud)
[main 06bdbed] Auto update KAM 07-Aug-26 16:50:14.34
 1 file changed, 0 insertions(+), 0 deletions(-)
To https://github.com/Joklc/sales-dashboard.git
   637d101..06bdbed  main -> main
[07-Aug-26 16:50:18.57] Xong 
============================================================ 
[07-Aug-26 17:00:01.82] Bat dau 
^C============================================================ 
[07-Aug-26 17:10:01.87] Bat dau 
Doc cac bang tra cuu...
Doc & xu ly 3 file nguon (ACT + SO + SQ)...
    Sales detail with COGS.xlsx: bo 37 dong Grand Total / rong
    Sales detail with COGS.xlsx: bo 14 dong CANCELED (giu CANCELED = N)
    Sales Order Follow Up.xlsx: bo 1 dong Grand Total / rong
  ACT: 1,098 dong | SO: 528 dong | SQ: 94 dong
  Bo Channel = SEB / MLA = SEB (noi bo): 4 dong

============================================================
As of: 07-Aug-2026 17:10
So dong chi tiet: 1,716
So Channel: 10 | MLA: 24 | Item: 476
Tong Gross : 9,915,074,494
[KAM] Net 7,850,414,480 | SGM% 30.76%
[FIN] Net 7,799,379,776 | SGM% 40.39%

  -> Da luu: C:\AI_Dashboard\kam_cache.parquet

XONG!
Buoc tiep: 1) Restart app  2) git add/commit/push (neu muon cap nhat cloud)
[main 125c6f5] Auto update KAM 07-Aug-26 17:10:14.67
 1 file changed, 0 insertions(+), 0 deletions(-)
To https://github.com/Joklc/sales-dashboard.git
   06bdbed..125c6f5  main -> main
[07-Aug-26 17:10:19.83] Xong 
============================================================ 
[07-Aug-26 17:20:01.80] Bat dau 
Doc cac bang tra cuu...
Doc & xu ly 3 file nguon (ACT + SO + SQ)...
    Sales detail with COGS.xlsx: bo 37 dong Grand Total / rong
    Sales detail with COGS.xlsx: bo 14 dong CANCELED (giu CANCELED = N)
    Sales Order Follow Up.xlsx: bo 1 dong Grand Total / rong
  ACT: 1,152 dong | SO: 474 dong | SQ: 124 dong
  Bo Channel = SEB / MLA = SEB (noi bo): 4 dong

============================================================
As of: 07-Aug-2026 17:20
So dong chi tiet: 1,746
So Channel: 10 | MLA: 24 | Item: 479
Tong Gross : 10,111,111,908
[KAM] Net 8,021,352,377 | SGM% 28.92%
[FIN] Net 7,970,317,674 | SGM% 38.77%

  -> Da luu: C:\AI_Dashboard\kam_cache.parquet

XONG!
Buoc tiep: 1) Restart app  2) git add/commit/push (neu muon cap nhat cloud)
[main 5663c0d] Auto update KAM 07-Aug-26 17:20:11.41
 1 file changed, 0 insertions(+), 0 deletions(-)
To https://github.com/Joklc/sales-dashboard.git
   125c6f5..5663c0d  main -> main
[07-Aug-26 17:20:16.57] Xong 
============================================================ 
[07-Aug-26 17:30:01.82] Bat dau 
Doc cac bang tra cuu...
Doc & xu ly 3 file nguon (ACT + SO + SQ)...
    Sales detail with COGS.xlsx: bo 37 dong Grand Total / rong
    Sales detail with COGS.xlsx: bo 14 dong CANCELED (giu CANCELED = N)
Traceback (most recent call last):
  File "C:\AI_Dashboard\convert_kam.py", line 186, in <module>
    SO = build_source(
        F_SO, "Sales Order Follow Up", 3,
        dict(cust="Customer Code", item="Item Code", comm="Commerical code",
             name="Item name", qty="SO Open Qty", gross="SO Actual Open Sum"),
        net_gt0=True)
  File "C:\AI_Dashboard\convert_kam.py", line 116, in build_source
    df = pd.read_excel(P(fname), sheet_name=sheet, header=header)
  File "C:\Users\klcnguyen\AppData\Local\Python\pythoncore-3.14-64\Lib\site-packages\pandas\io\excel\_base.py", line 494, in read_excel
    data = io.parse(
        sheet_name=sheet_name,
    ...<20 lines>...
        dtype_backend=dtype_backend,
    )
  File "C:\Users\klcnguyen\AppData\Local\Python\pythoncore-3.14-64\Lib\site-packages\pandas\io\excel\_base.py", line 1780, in parse
    return self._reader.parse(
           ~~~~~~~~~~~~~~~~~~^
        sheet_name=sheet_name,
        ^^^^^^^^^^^^^^^^^^^^^^
    ...<16 lines>...
        **kwds,
        ^^^^^^^
    )
    ^
  File "C:\Users\klcnguyen\AppData\Local\Python\pythoncore-3.14-64\Lib\site-packages\pandas\io\excel\_base.py", line 758, in parse
    data = self.get_sheet_data(sheet, file_rows_needed)
  File "C:\Users\klcnguyen\AppData\Local\Python\pythoncore-3.14-64\Lib\site-packages\pandas\io\excel\_openpyxl.py", line 622, in get_sheet_data
    for row_number, row in enumerate(sheet.rows):
                           ~~~~~~~~~^^^^^^^^^^^^
  File "C:\Users\klcnguyen\AppData\Local\Python\pythoncore-3.14-64\Lib\site-packages\openpyxl\worksheet\_read_only.py", line 85, in _cells_by_row
    for idx, row in parser.parse():
                    ~~~~~~~~~~~~^^
  File "C:\Users\klcnguyen\AppData\Local\Python\pythoncore-3.14-64\Lib\site-packages\openpyxl\worksheet\_reader.py", line 156, in parse
    for _, element in it:
                      ^^
  File "C:\Users\klcnguyen\AppData\Local\Python\pythoncore-3.14-64\Lib\xml\etree\ElementTree.py", line 1262, in iterator
    data = source.read(16 * 1024)
  File "C:\Users\klcnguyen\AppData\Local\Python\pythoncore-3.14-64\Lib\zipfile\__init__.py", line 1105, in read
    data = self._read1(n)
  File "C:\Users\klcnguyen\AppData\Local\Python\pythoncore-3.14-64\Lib\zipfile\__init__.py", line 1173, in _read1
    data += self._read2(n - len(data))
            ~~~~~~~~~~~^^^^^^^^^^^^^^^
  File "C:\Users\klcnguyen\AppData\Local\Python\pythoncore-3.14-64\Lib\zipfile\__init__.py", line 1208, in _read2
    raise EOFError
EOFError
[07-Aug-26 17:30:13.34] LOI convert_kam.py - bo qua lan nay 
============================================================ 
[07-Aug-26 17:40:01.88] Bat dau 
Doc cac bang tra cuu...
Doc & xu ly 3 file nguon (ACT + SO + SQ)...
    Sales detail with COGS.xlsx: bo 37 dong Grand Total / rong
    Sales detail with COGS.xlsx: bo 14 dong CANCELED (giu CANCELED = N)
    Sales Order Follow Up.xlsx: bo 1 dong Grand Total / rong
  ACT: 1,180 dong | SO: 460 dong | SQ: 126 dong
  Bo Channel = SEB / MLA = SEB (noi bo): 4 dong

============================================================
As of: 07-Aug-2026 17:40
So dong chi tiet: 1,762
So Channel: 10 | MLA: 24 | Item: 480
Tong Gross : 10,162,830,208
[KAM] Net 8,094,632,865 | SGM% 28.93%
[FIN] Net 8,047,709,989 | SGM% 38.80%

  -> Da luu: C:\AI_Dashboard\kam_cache.parquet

XONG!
Buoc tiep: 1) Restart app  2) git add/commit/push (neu muon cap nhat cloud)
[main 76caa0a] Auto update KAM 07-Aug-26 17:40:10.26
 1 file changed, 0 insertions(+), 0 deletions(-)
To https://github.com/Joklc/sales-dashboard.git
   5663c0d..76caa0a  main -> main
[07-Aug-26 17:40:14.61] Xong 
============================================================ 
[07-Aug-26 17:50:01.82] Bat dau 
Doc cac bang tra cuu...
Doc & xu ly 3 file nguon (ACT + SO + SQ)...
    Sales detail with COGS.xlsx: bo 37 dong Grand Total / rong
    Sales detail with COGS.xlsx: bo 14 dong CANCELED (giu CANCELED = N)
    Sales Order Follow Up.xlsx: bo 1 dong Grand Total / rong
  ACT: 1,180 dong | SO: 460 dong | SQ: 129 dong
  Bo Channel = SEB / MLA = SEB (noi bo): 4 dong

============================================================
As of: 07-Aug-2026 17:50
So dong chi tiet: 1,765
So Channel: 10 | MLA: 24 | Item: 481
Tong Gross : 10,196,879,169
[KAM] Net 8,123,914,972 | SGM% 28.98%
[FIN] Net 8,076,992,096 | SGM% 38.83%

  -> Da luu: C:\AI_Dashboard\kam_cache.parquet

XONG!
Buoc tiep: 1) Restart app  2) git add/commit/push (neu muon cap nhat cloud)
[main 8f9c4c9] Auto update KAM 07-Aug-26 17:50:14.84
 1 file changed, 0 insertions(+), 0 deletions(-)
To https://github.com/Joklc/sales-dashboard.git
   76caa0a..8f9c4c9  main -> main
[07-Aug-26 17:50:18.82] Xong 
============================================================ 
[07-Aug-26 18:00:01.80] Bat dau 
Doc cac bang tra cuu...
Doc & xu ly 3 file nguon (ACT + SO + SQ)...
    Sales detail with COGS.xlsx: bo 37 dong Grand Total / rong
    Sales detail with COGS.xlsx: bo 14 dong CANCELED (giu CANCELED = N)
    Sales Order Follow Up.xlsx: bo 1 dong Grand Total / rong
  ACT: 1,180 dong | SO: 460 dong | SQ: 129 dong
  Bo Channel = SEB / MLA = SEB (noi bo): 4 dong

============================================================
As of: 07-Aug-2026 18:00
So dong chi tiet: 1,765
So Channel: 10 | MLA: 24 | Item: 481
Tong Gross : 10,196,879,169
[KAM] Net 8,123,914,972 | SGM% 28.98%
[FIN] Net 8,076,992,096 | SGM% 38.83%

  -> Da luu: C:\AI_Dashboard\kam_cache.parquet

XONG!
Buoc tiep: 1) Restart app  2) git add/commit/push (neu muon cap nhat cloud)
[main 66d25a6] Auto update KAM 07-Aug-26 18:00:12.69
 1 file changed, 0 insertions(+), 0 deletions(-)
To https://github.com/Joklc/sales-dashboard.git
   8f9c4c9..66d25a6  main -> main
[07-Aug-26 18:00:18.38] Xong 
============================================================ 
[08-Aug-26 10:07:29.66] Bat dau 
Doc cac bang tra cuu...
Doc & xu ly 3 file nguon (ACT + SO + SQ)...
    Sales detail with COGS.xlsx: bo 37 dong Grand Total / rong
    Sales detail with COGS.xlsx: bo 14 dong CANCELED (giu CANCELED = N)
    Sales Order Follow Up.xlsx: bo 1 dong Grand Total / rong
  ACT: 1,350 dong | SO: 337 dong | SQ: 75 dong
  Bo Channel = SEB / MLA = SEB (noi bo): 4 dong

============================================================
As of: 08-Aug-2026 10:07
So dong chi tiet: 1,758
So Channel: 10 | MLA: 24 | Item: 481
Tong Gross : 10,146,395,437
[KAM] Net 8,091,521,961 | SGM% 30.78%
[FIN] Net 8,044,599,085 | SGM% 40.42%

  -> Da luu: C:\AI_Dashboard\kam_cache.parquet

XONG!
Buoc tiep: 1) Restart app  2) git add/commit/push (neu muon cap nhat cloud)
============================================================ 
[08-Aug-26 10:10:01.96] Bat dau 
Doc cac bang tra cuu...
Doc & xu ly 3 file nguon (ACT + SO + SQ)...
    Sales detail with COGS.xlsx: bo 37 dong Grand Total / rong
    Sales detail with COGS.xlsx: bo 14 dong CANCELED (giu CANCELED = N)
    Sales Order Follow Up.xlsx: bo 1 dong Grand Total / rong
  ACT: 1,350 dong | SO: 337 dong | SQ: 75 dong
  Bo Channel = SEB / MLA = SEB (noi bo): 4 dong

============================================================
As of: 08-Aug-2026 10:10
So dong chi tiet: 1,758
So Channel: 10 | MLA: 24 | Item: 481
Tong Gross : 10,146,395,437
[KAM] Net 8,091,521,961 | SGM% 30.78%
[FIN] Net 8,044,599,085 | SGM% 40.42%

  -> Da luu: C:\AI_Dashboard\kam_cache.parquet

XONG!
Buoc tiep: 1) Restart app  2) git add/commit/push (neu muon cap nhat cloud)
[main de8f1e4] Auto update KAM 08-Aug-26 10:10:10.18
 1 file changed, 0 insertions(+), 0 deletions(-)
To https://github.com/Joklc/sales-dashboard.git
   66d25a6..de8f1e4  main -> main
[08-Aug-26 10:10:15.36] Xong 
============================================================ 
[08-Aug-26 10:20:01.86] Bat dau 
Doc cac bang tra cuu...
Doc & xu ly 3 file nguon (ACT + SO + SQ)...
    Sales detail with COGS.xlsx: bo 37 dong Grand Total / rong
    Sales detail with COGS.xlsx: bo 14 dong CANCELED (giu CANCELED = N)
    Sales Order Follow Up.xlsx: bo 1 dong Grand Total / rong
  ACT: 1,351 dong | SO: 334 dong | SQ: 75 dong
  Bo Channel = SEB / MLA = SEB (noi bo): 4 dong

============================================================
As of: 08-Aug-2026 10:20
So dong chi tiet: 1,756
So Channel: 10 | MLA: 24 | Item: 481
Tong Gross : 10,146,395,437
[KAM] Net 8,091,521,961 | SGM% 30.78%
[FIN] Net 8,044,599,085 | SGM% 40.42%

  -> Da luu: C:\AI_Dashboard\kam_cache.parquet

XONG!
Buoc tiep: 1) Restart app  2) git add/commit/push (neu muon cap nhat cloud)
[main a390ef8] Auto update KAM 08-Aug-26 10:20:09.03
 1 file changed, 0 insertions(+), 0 deletions(-)
To https://github.com/Joklc/sales-dashboard.git
   de8f1e4..a390ef8  main -> main
[08-Aug-26 10:20:13.49] Xong 
============================================================ 
[08-Aug-26 10:30:01.86] Bat dau 
Doc cac bang tra cuu...
Doc & xu ly 3 file nguon (ACT + SO + SQ)...
    Sales detail with COGS.xlsx: bo 37 dong Grand Total / rong
    Sales detail with COGS.xlsx: bo 14 dong CANCELED (giu CANCELED = N)
    Sales Order Follow Up.xlsx: bo 1 dong Grand Total / rong
  ACT: 1,351 dong | SO: 334 dong | SQ: 75 dong
  Bo Channel = SEB / MLA = SEB (noi bo): 4 dong

============================================================
As of: 08-Aug-2026 10:30
So dong chi tiet: 1,756
So Channel: 10 | MLA: 24 | Item: 481
Tong Gross : 10,146,395,437
[KAM] Net 8,091,521,961 | SGM% 30.78%
[FIN] Net 8,044,599,085 | SGM% 40.42%

  -> Da luu: C:\AI_Dashboard\kam_cache.parquet

XONG!
Buoc tiep: 1) Restart app  2) git add/commit/push (neu muon cap nhat cloud)
[main 70461aa] Auto update KAM 08-Aug-26 10:30:09.46
 1 file changed, 0 insertions(+), 0 deletions(-)
To https://github.com/Joklc/sales-dashboard.git
   a390ef8..70461aa  main -> main
[08-Aug-26 10:30:14.18] Xong 
============================================================ 
[08-Aug-26 10:40:01.83] Bat dau 
Doc cac bang tra cuu...
Doc & xu ly 3 file nguon (ACT + SO + SQ)...
    Sales detail with COGS.xlsx: bo 37 dong Grand Total / rong
    Sales detail with COGS.xlsx: bo 14 dong CANCELED (giu CANCELED = N)
    Sales Order Follow Up.xlsx: bo 1 dong Grand Total / rong
  ACT: 1,356 dong | SO: 328 dong | SQ: 75 dong
  Bo Channel = SEB / MLA = SEB (noi bo): 4 dong

============================================================
As of: 08-Aug-2026 10:40
So dong chi tiet: 1,755
So Channel: 10 | MLA: 24 | Item: 481
Tong Gross : 10,146,395,437
[KAM] Net 8,091,521,961 | SGM% 30.78%
[FIN] Net 8,044,599,085 | SGM% 40.42%

  -> Da luu: C:\AI_Dashboard\kam_cache.parquet

XONG!
Buoc tiep: 1) Restart app  2) git add/commit/push (neu muon cap nhat cloud)
[main fe3ee45] Auto update KAM 08-Aug-26 10:40:09.49
 1 file changed, 0 insertions(+), 0 deletions(-)
To https://github.com/Joklc/sales-dashboard.git
   70461aa..fe3ee45  main -> main
[08-Aug-26 10:40:13.77] Xong 
============================================================ 
[08-Aug-26 10:50:01.82] Bat dau 
Doc cac bang tra cuu...
Doc & xu ly 3 file nguon (ACT + SO + SQ)...
    Sales detail with COGS.xlsx: bo 37 dong Grand Total / rong
    Sales detail with COGS.xlsx: bo 14 dong CANCELED (giu CANCELED = N)
    Sales Order Follow Up.xlsx: bo 1 dong Grand Total / rong
  ACT: 1,356 dong | SO: 328 dong | SQ: 75 dong
  Bo Channel = SEB / MLA = SEB (noi bo): 4 dong

============================================================
As of: 08-Aug-2026 10:50
So dong chi tiet: 1,755
So Channel: 10 | MLA: 24 | Item: 481
Tong Gross : 10,146,395,437
[KAM] Net 8,091,521,961 | SGM% 30.78%
[FIN] Net 8,044,599,085 | SGM% 40.42%

  -> Da luu: C:\AI_Dashboard\kam_cache.parquet

XONG!
Buoc tiep: 1) Restart app  2) git add/commit/push (neu muon cap nhat cloud)
[main 23f8f97] Auto update KAM 08-Aug-26 10:50:09.64
 1 file changed, 0 insertions(+), 0 deletions(-)
To https://github.com/Joklc/sales-dashboard.git
   fe3ee45..23f8f97  main -> main
[08-Aug-26 10:50:13.89] Xong 
============================================================ 
[08-Aug-26 11:00:01.80] Bat dau 
Doc cac bang tra cuu...
Doc & xu ly 3 file nguon (ACT + SO + SQ)...
    Sales detail with COGS.xlsx: bo 37 dong Grand Total / rong
    Sales detail with COGS.xlsx: bo 14 dong CANCELED (giu CANCELED = N)
    Sales Order Follow Up.xlsx: bo 1 dong Grand Total / rong
  ACT: 1,356 dong | SO: 328 dong | SQ: 75 dong
  Bo Channel = SEB / MLA = SEB (noi bo): 4 dong

============================================================
As of: 08-Aug-2026 11:00
So dong chi tiet: 1,755
So Channel: 10 | MLA: 24 | Item: 481
Tong Gross : 10,146,395,437
[KAM] Net 8,091,521,961 | SGM% 30.78%
[FIN] Net 8,044,599,085 | SGM% 40.42%

  -> Da luu: C:\AI_Dashboard\kam_cache.parquet

XONG!
Buoc tiep: 1) Restart app  2) git add/commit/push (neu muon cap nhat cloud)
[main 2fc3f76] Auto update KAM 08-Aug-26 11:00:10.31
 1 file changed, 0 insertions(+), 0 deletions(-)
To https://github.com/Joklc/sales-dashboard.git
   23f8f97..2fc3f76  main -> main
[08-Aug-26 11:00:14.54] Xong 
============================================================ 
[08-Aug-26 11:10:01.80] Bat dau 
Doc cac bang tra cuu...
Doc & xu ly 3 file nguon (ACT + SO + SQ)...
    Sales detail with COGS.xlsx: bo 37 dong Grand Total / rong
    Sales detail with COGS.xlsx: bo 14 dong CANCELED (giu CANCELED = N)
    Sales Order Follow Up.xlsx: bo 1 dong Grand Total / rong
  ACT: 1,356 dong | SO: 328 dong | SQ: 75 dong
  Bo Channel = SEB / MLA = SEB (noi bo): 4 dong

============================================================
As of: 08-Aug-2026 11:10
So dong chi tiet: 1,755
So Channel: 10 | MLA: 24 | Item: 481
Tong Gross : 10,146,395,437
[KAM] Net 8,091,521,961 | SGM% 30.78%
[FIN] Net 8,044,599,085 | SGM% 40.42%

  -> Da luu: C:\AI_Dashboard\kam_cache.parquet

XONG!
Buoc tiep: 1) Restart app  2) git add/commit/push (neu muon cap nhat cloud)
[main 359e5f8] Auto update KAM 08-Aug-26 11:10:09.45
 1 file changed, 0 insertions(+), 0 deletions(-)
To https://github.com/Joklc/sales-dashboard.git
   2fc3f76..359e5f8  main -> main
[08-Aug-26 11:10:13.66] Xong 
============================================================ 
[08-Aug-26 11:20:01.89] Bat dau 
Doc cac bang tra cuu...
Doc & xu ly 3 file nguon (ACT + SO + SQ)...
    Sales detail with COGS.xlsx: bo 37 dong Grand Total / rong
    Sales detail with COGS.xlsx: bo 14 dong CANCELED (giu CANCELED = N)
    Sales Order Follow Up.xlsx: bo 1 dong Grand Total / rong
  ACT: 1,356 dong | SO: 328 dong | SQ: 75 dong
  Bo Channel = SEB / MLA = SEB (noi bo): 4 dong

============================================================
As of: 08-Aug-2026 11:20
So dong chi tiet: 1,755
So Channel: 10 | MLA: 24 | Item: 481
Tong Gross : 10,146,395,437
[KAM] Net 8,091,521,961 | SGM% 30.78%
[FIN] Net 8,044,599,085 | SGM% 40.42%

  -> Da luu: C:\AI_Dashboard\kam_cache.parquet

XONG!
Buoc tiep: 1) Restart app  2) git add/commit/push (neu muon cap nhat cloud)
[main 63acd6a] Auto update KAM 08-Aug-26 11:20:08.07
 1 file changed, 0 insertions(+), 0 deletions(-)
To https://github.com/Joklc/sales-dashboard.git
   359e5f8..63acd6a  main -> main
[08-Aug-26 11:20:12.30] Xong 
============================================================ 
[08-Aug-26 11:30:02.17] Bat dau 
Doc cac bang tra cuu...
Doc & xu ly 3 file nguon (ACT + SO + SQ)...
    Sales detail with COGS.xlsx: bo 37 dong Grand Total / rong
    Sales detail with COGS.xlsx: bo 14 dong CANCELED (giu CANCELED = N)
    Sales Order Follow Up.xlsx: bo 1 dong Grand Total / rong
  ACT: 1,356 dong | SO: 328 dong | SQ: 75 dong
  Bo Channel = SEB / MLA = SEB (noi bo): 4 dong

============================================================
As of: 08-Aug-2026 11:30
So dong chi tiet: 1,755
So Channel: 10 | MLA: 24 | Item: 481
Tong Gross : 10,146,395,437
[KAM] Net 8,091,521,961 | SGM% 30.78%
[FIN] Net 8,044,599,085 | SGM% 40.42%

  -> Da luu: C:\AI_Dashboard\kam_cache.parquet

XONG!
Buoc tiep: 1) Restart app  2) git add/commit/push (neu muon cap nhat cloud)
[main 1acd69e] Auto update KAM 08-Aug-26 11:30:12.54
 1 file changed, 0 insertions(+), 0 deletions(-)
To https://github.com/Joklc/sales-dashboard.git
   4a543ad..1acd69e  main -> main
[08-Aug-26 11:30:17.09] Xong 
============================================================ 
[08-Aug-26 11:40:01.82] Bat dau 
Doc cac bang tra cuu...
Doc & xu ly 3 file nguon (ACT + SO + SQ)...
    Sales detail with COGS.xlsx: bo 37 dong Grand Total / rong
    Sales detail with COGS.xlsx: bo 14 dong CANCELED (giu CANCELED = N)
    Sales Order Follow Up.xlsx: bo 1 dong Grand Total / rong
  ACT: 1,356 dong | SO: 328 dong | SQ: 75 dong
  Bo Channel = SEB / MLA = SEB (noi bo): 4 dong

============================================================
As of: 08-Aug-2026 11:40
So dong chi tiet: 1,755
So Channel: 10 | MLA: 24 | Item: 481
Tong Gross : 10,146,395,437
[KAM] Net 8,091,521,961 | SGM% 30.78%
[FIN] Net 8,044,599,085 | SGM% 40.42%

  -> Da luu: C:\AI_Dashboard\kam_cache.parquet

XONG!
Buoc tiep: 1) Restart app  2) git add/commit/push (neu muon cap nhat cloud)
[main acb96f2] Auto update KAM 08-Aug-26 11:40:12.55
 1 file changed, 0 insertions(+), 0 deletions(-)
To https://github.com/Joklc/sales-dashboard.git
   1acd69e..acb96f2  main -> main
[08-Aug-26 11:40:17.47] Xong 
============================================================ 
[08-Aug-26 11:50:01.87] Bat dau 
Doc cac bang tra cuu...
Doc & xu ly 3 file nguon (ACT + SO + SQ)...
    Sales detail with COGS.xlsx: bo 37 dong Grand Total / rong
    Sales detail with COGS.xlsx: bo 14 dong CANCELED (giu CANCELED = N)
    Sales Order Follow Up.xlsx: bo 1 dong Grand Total / rong
  ACT: 1,356 dong | SO: 328 dong | SQ: 75 dong
  Bo Channel = SEB / MLA = SEB (noi bo): 4 dong

============================================================
As of: 08-Aug-2026 11:50
So dong chi tiet: 1,755
So Channel: 10 | MLA: 24 | Item: 481
Tong Gross : 10,146,395,437
[KAM] Net 8,091,521,961 | SGM% 30.78%
[FIN] Net 8,044,599,085 | SGM% 40.42%

  -> Da luu: C:\AI_Dashboard\kam_cache.parquet

XONG!
Buoc tiep: 1) Restart app  2) git add/commit/push (neu muon cap nhat cloud)
[main 72e0330] Auto update KAM 08-Aug-26 11:50:10.13
 1 file changed, 0 insertions(+), 0 deletions(-)
To https://github.com/Joklc/sales-dashboard.git
   4784985..72e0330  main -> main
[08-Aug-26 11:50:14.95] Xong 
============================================================ 
[08-Aug-26 12:00:01.93] Bat dau 
Doc cac bang tra cuu...
Doc & xu ly 3 file nguon (ACT + SO + SQ)...
    Sales detail with COGS.xlsx: bo 37 dong Grand Total / rong
    Sales detail with COGS.xlsx: bo 14 dong CANCELED (giu CANCELED = N)
    Sales Order Follow Up.xlsx: bo 1 dong Grand Total / rong
  ACT: 1,356 dong | SO: 328 dong | SQ: 75 dong
  Bo Channel = SEB / MLA = SEB (noi bo): 4 dong

============================================================
As of: 08-Aug-2026 12:00
So dong chi tiet: 1,755
So Channel: 10 | MLA: 24 | Item: 481
Tong Gross : 10,146,395,437
[KAM] Net 8,091,521,961 | SGM% 30.78%
[FIN] Net 8,044,599,085 | SGM% 40.42%

  -> Da luu: C:\AI_Dashboard\kam_cache.parquet

XONG!
Buoc tiep: 1) Restart app  2) git add/commit/push (neu muon cap nhat cloud)
[main e8bd00c] Auto update KAM 08-Aug-26 12:00:12.92
 1 file changed, 0 insertions(+), 0 deletions(-)
To https://github.com/Joklc/sales-dashboard.git
   72e0330..e8bd00c  main -> main
[08-Aug-26 12:00:17.87] Xong 
============================================================ 
[08-Aug-26 12:59:55.60] Bat dau 
Doc cac bang tra cuu...
Doc & xu ly 3 file nguon (ACT + SO + SQ)...
    Sales detail with COGS.xlsx: bo 37 dong Grand Total / rong
    Sales detail with COGS.xlsx: bo 14 dong CANCELED (giu CANCELED = N)
    Sales Order Follow Up.xlsx: bo 1 dong Grand Total / rong
  ACT: 1,356 dong | SO: 328 dong | SQ: 75 dong
  Bo Channel = SEB / MLA = SEB (noi bo): 4 dong

============================================================
As of: 08-Aug-2026 13:00
So dong chi tiet: 1,755
So Channel: 10 | MLA: 24 | Item: 481
Tong Gross : 10,146,395,437
[KAM] Net 8,091,521,961 | SGM% 30.78%
[FIN] Net 8,044,599,085 | SGM% 40.42%

  -> Da luu: C:\AI_Dashboard\kam_cache.parquet

XONG!
Buoc tiep: 1) Restart app  2) git add/commit/push (neu muon cap nhat cloud)
[main 94a8505] Auto update KAM 08-Aug-26 13:00:21.81
 1 file changed, 0 insertions(+), 0 deletions(-)
To https://github.com/Joklc/sales-dashboard.git
   e8bd00c..94a8505  main -> main
[08-Aug-26 13:00:27.00] Xong 
============================================================ 
[08-Aug-26 13:10:01.86] Bat dau 
Doc cac bang tra cuu...
Doc & xu ly 3 file nguon (ACT + SO + SQ)...
    Sales detail with COGS.xlsx: bo 37 dong Grand Total / rong
    Sales detail with COGS.xlsx: bo 14 dong CANCELED (giu CANCELED = N)
    Sales Order Follow Up.xlsx: bo 1 dong Grand Total / rong
  ACT: 1,356 dong | SO: 328 dong | SQ: 75 dong
  Bo Channel = SEB / MLA = SEB (noi bo): 4 dong

============================================================
As of: 08-Aug-2026 13:10
So dong chi tiet: 1,755
So Channel: 10 | MLA: 24 | Item: 481
Tong Gross : 10,146,395,437
[KAM] Net 8,091,521,961 | SGM% 30.78%
[FIN] Net 8,044,599,085 | SGM% 40.42%

  -> Da luu: C:\AI_Dashboard\kam_cache.parquet

XONG!
Buoc tiep: 1) Restart app  2) git add/commit/push (neu muon cap nhat cloud)
[main 913edbf] Auto update KAM 08-Aug-26 13:10:10.61
 1 file changed, 0 insertions(+), 0 deletions(-)
To https://github.com/Joklc/sales-dashboard.git
   94a8505..913edbf  main -> main
[08-Aug-26 13:10:15.26] Xong 
============================================================ 
[08-Aug-26 13:20:01.90] Bat dau 
Doc cac bang tra cuu...
Doc & xu ly 3 file nguon (ACT + SO + SQ)...
    Sales detail with COGS.xlsx: bo 37 dong Grand Total / rong
    Sales detail with COGS.xlsx: bo 14 dong CANCELED (giu CANCELED = N)
    Sales Order Follow Up.xlsx: bo 1 dong Grand Total / rong
  ACT: 1,356 dong | SO: 328 dong | SQ: 83 dong
  Bo Channel = SEB / MLA = SEB (noi bo): 4 dong

============================================================
As of: 08-Aug-2026 13:20
So dong chi tiet: 1,763
So Channel: 10 | MLA: 25 | Item: 481
Tong Gross : 10,196,570,520
[KAM] Net 8,137,683,037 | SGM% 29.11%
[FIN] Net 8,090,760,161 | SGM% 38.95%

  -> Da luu: C:\AI_Dashboard\kam_cache.parquet

XONG!
Buoc tiep: 1) Restart app  2) git add/commit/push (neu muon cap nhat cloud)
[main 88e367c] Auto update KAM 08-Aug-26 13:20:12.72
 1 file changed, 0 insertions(+), 0 deletions(-)
To https://github.com/Joklc/sales-dashboard.git
   913edbf..88e367c  main -> main
[08-Aug-26 13:20:17.17] Xong 
============================================================ 
[08-Aug-26 17:59:19.73] Bat dau 
============================================================
KHONG TRUY CAP DUOC O MANG X!
Duong dan: X:\Finance 2.Controlling\Monthly Reporting\2025\4. Monthly sale vs SGM report\auto data
Kiem tra: 1) O X da ket noi chua?  2) Mo This PC xem co thay o X khong?
============================================================
[08-Aug-26 17:59:26.41] Khong co thay doi data - khong push 
============================================================ 
[08-Aug-26 18:00:15.11] Bat dau 
============================================================
KHONG TRUY CAP DUOC O MANG X!
Duong dan: X:\Finance 2.Controlling\Monthly Reporting\2025\4. Monthly sale vs SGM report\auto data
Kiem tra: 1) O X da ket noi chua?  2) Mo This PC xem co thay o X khong?
============================================================
[08-Aug-26 18:00:20.60] Khong co thay doi data - khong push 
============================================================ 
[08-Aug-26 18:10:04.28] Bat dau 
^C============================================================ 
[08-Aug-26 18:20:04.01] Bat dau 
Doc cac bang tra cuu...
Doc & xu ly 3 file nguon (ACT + SO + SQ)...
    Sales detail with COGS.xlsx: bo 37 dong Grand Total / rong
    Sales detail with COGS.xlsx: bo 14 dong CANCELED (giu CANCELED = N)
    Sales Order Follow Up.xlsx: bo 1 dong Grand Total / rong
  ACT: 1,393 dong | SO: 249 dong | SQ: 83 dong
  Bo Channel = SEB / MLA = SEB (noi bo): 4 dong

============================================================
As of: 08-Aug-2026 18:20
So dong chi tiet: 1,721
So Channel: 10 | MLA: 25 | Item: 481
Tong Gross : 10,196,570,520
[KAM] Net 8,137,683,037 | SGM% 29.11%
[FIN] Net 8,090,760,161 | SGM% 38.95%

  -> Da luu: C:\AI_Dashboard\kam_cache.parquet

XONG!
Buoc tiep: 1) Restart app  2) git add/commit/push (neu muon cap nhat cloud)
[main 7c0d3b7] Auto update KAM 08-Aug-26 18:20:13.50
 1 file changed, 0 insertions(+), 0 deletions(-)
To https://github.com/Joklc/sales-dashboard.git
   88e367c..7c0d3b7  main -> main
[08-Aug-26 18:20:19.16] Xong 
============================================================ 
[08-Aug-26 18:30:04.68] Bat dau 
Doc cac bang tra cuu...
Doc & xu ly 3 file nguon (ACT + SO + SQ)...
    Sales detail with COGS.xlsx: bo 37 dong Grand Total / rong
    Sales detail with COGS.xlsx: bo 14 dong CANCELED (giu CANCELED = N)
    Sales Order Follow Up.xlsx: bo 1 dong Grand Total / rong
  ACT: 1,393 dong | SO: 249 dong | SQ: 83 dong
  Bo Channel = SEB / MLA = SEB (noi bo): 4 dong

============================================================
As of: 08-Aug-2026 18:30
So dong chi tiet: 1,721
So Channel: 10 | MLA: 25 | Item: 481
Tong Gross : 10,196,570,520
[KAM] Net 8,137,683,037 | SGM% 29.11%
[FIN] Net 8,090,760,161 | SGM% 38.95%

  -> Da luu: C:\AI_Dashboard\kam_cache.parquet

XONG!
Buoc tiep: 1) Restart app  2) git add/commit/push (neu muon cap nhat cloud)
[main fd24dc8] Auto update KAM 08-Aug-26 18:30:13.16
 1 file changed, 0 insertions(+), 0 deletions(-)
To https://github.com/Joklc/sales-dashboard.git
   7c0d3b7..fd24dc8  main -> main
[08-Aug-26 18:30:26.41] Xong 
============================================================ 
[08-Aug-26 18:40:02.28] Bat dau 
Doc cac bang tra cuu...
Doc & xu ly 3 file nguon (ACT + SO + SQ)...
    Sales detail with COGS.xlsx: bo 37 dong Grand Total / rong
    Sales detail with COGS.xlsx: bo 14 dong CANCELED (giu CANCELED = N)
    Sales Order Follow Up.xlsx: bo 1 dong Grand Total / rong
  ACT: 1,393 dong | SO: 249 dong | SQ: 83 dong
  Bo Channel = SEB / MLA = SEB (noi bo): 4 dong

============================================================
As of: 08-Aug-2026 18:40
So dong chi tiet: 1,721
So Channel: 10 | MLA: 25 | Item: 481
Tong Gross : 10,196,570,520
[KAM] Net 8,137,683,037 | SGM% 29.11%
[FIN] Net 8,090,760,161 | SGM% 38.95%

  -> Da luu: C:\AI_Dashboard\kam_cache.parquet

XONG!
Buoc tiep: 1) Restart app  2) git add/commit/push (neu muon cap nhat cloud)
[main 71ab917] Auto update KAM 08-Aug-26 18:40:09.44
 1 file changed, 0 insertions(+), 0 deletions(-)
To https://github.com/Joklc/sales-dashboard.git
   fd24dc8..71ab917  main -> main
[08-Aug-26 18:40:14.17] Xong 
============================================================ 
[10-Aug-26  9:10:02.63] Bat dau 
============================================================
KHONG TRUY CAP DUOC O MANG X!
Duong dan: X:\Finance 2.Controlling\Monthly Reporting\2025\4. Monthly sale vs SGM report\auto data
Kiem tra: 1) O X da ket noi chua?  2) Mo This PC xem co thay o X khong?
============================================================
[10-Aug-26  9:10:05.49] Khong co thay doi data - khong push 
============================================================ 
[10-Aug-26 10:10:25.80] Bat dau 
============================================================
KHONG TRUY CAP DUOC O MANG X!
Duong dan: X:\Finance 2.Controlling\Monthly Reporting\2025\4. Monthly sale vs SGM report\auto data
Kiem tra: 1) O X da ket noi chua?  2) Mo This PC xem co thay o X khong?
============================================================
[10-Aug-26 10:11:37.01] Khong co thay doi data - khong push 
============================================================ 
[10-Aug-26 10:20:02.66] Bat dau 
Doc cac bang tra cuu...
Doc & xu ly 3 file nguon (ACT + SO + SQ)...
    Sales detail with COGS.xlsx: bo 37 dong Grand Total / rong
    Sales detail with COGS.xlsx: bo 14 dong CANCELED (giu CANCELED = N)
    Sales Order Follow Up.xlsx: bo 1 dong Grand Total / rong
  ACT: 1,461 dong | SO: 199 dong | SQ: 74 dong
  Bo Channel = SEB / MLA = SEB (noi bo): 4 dong

============================================================
As of: 10-Aug-2026 10:20
So dong chi tiet: 1,730
So Channel: 10 | MLA: 26 | Item: 487
Tong Gross : 10,251,337,314
[KAM] Net 8,188,424,368 | SGM% 30.92%
[FIN] Net 8,141,501,492 | SGM% 40.53%

  -> Da luu: C:\AI_Dashboard\kam_cache.parquet

XONG!
Buoc tiep: 1) Restart app  2) git add/commit/push (neu muon cap nhat cloud)
[main 2b087d4] Auto update KAM 10-Aug-26 10:20:12.22
 1 file changed, 0 insertions(+), 0 deletions(-)
To https://github.com/Joklc/sales-dashboard.git
   71ab917..2b087d4  main -> main
[10-Aug-26 10:20:16.64] Xong 
============================================================ 
[10-Aug-26 10:30:02.52] Bat dau 
Doc cac bang tra cuu...
Doc & xu ly 3 file nguon (ACT + SO + SQ)...
    Sales detail with COGS.xlsx: bo 37 dong Grand Total / rong
    Sales detail with COGS.xlsx: bo 14 dong CANCELED (giu CANCELED = N)
    Sales Order Follow Up.xlsx: bo 1 dong Grand Total / rong
  ACT: 1,461 dong | SO: 199 dong | SQ: 84 dong
  Bo Channel = SEB / MLA = SEB (noi bo): 4 dong

============================================================
As of: 10-Aug-2026 10:30
So dong chi tiet: 1,740
So Channel: 10 | MLA: 26 | Item: 490
Tong Gross : 10,255,686,067
[KAM] Net 8,192,773,121 | SGM% 30.91%
[FIN] Net 8,145,850,245 | SGM% 40.52%

  -> Da luu: C:\AI_Dashboard\kam_cache.parquet

XONG!
Buoc tiep: 1) Restart app  2) git add/commit/push (neu muon cap nhat cloud)
[main fd44668] Auto update KAM 10-Aug-26 10:30:11.93
 1 file changed, 0 insertions(+), 0 deletions(-)
To https://github.com/Joklc/sales-dashboard.git
   2b087d4..fd44668  main -> main
[10-Aug-26 10:30:16.21] Xong 
============================================================ 
[10-Aug-26 10:40:02.54] Bat dau 
Doc cac bang tra cuu...
Doc & xu ly 3 file nguon (ACT + SO + SQ)...
    Sales detail with COGS.xlsx: bo 37 dong Grand Total / rong
    Sales detail with COGS.xlsx: bo 14 dong CANCELED (giu CANCELED = N)
    Sales Order Follow Up.xlsx: bo 1 dong Grand Total / rong
  ACT: 1,462 dong | SO: 198 dong | SQ: 84 dong
  Bo Channel = SEB / MLA = SEB (noi bo): 4 dong

============================================================
As of: 10-Aug-2026 10:40
So dong chi tiet: 1,740
So Channel: 10 | MLA: 26 | Item: 490
Tong Gross : 10,255,686,067
[KAM] Net 8,192,773,121 | SGM% 30.91%
[FIN] Net 8,145,850,245 | SGM% 40.52%

  -> Da luu: C:\AI_Dashboard\kam_cache.parquet

XONG!
Buoc tiep: 1) Restart app  2) git add/commit/push (neu muon cap nhat cloud)
[main 0f5efa2] Auto update KAM 10-Aug-26 10:40:11.09
 1 file changed, 0 insertions(+), 0 deletions(-)
To https://github.com/Joklc/sales-dashboard.git
   fd44668..0f5efa2  main -> main
[10-Aug-26 10:40:15.56] Xong 
============================================================ 
[10-Aug-26 10:50:02.27] Bat dau 
Doc cac bang tra cuu...
Doc & xu ly 3 file nguon (ACT + SO + SQ)...
    Sales detail with COGS.xlsx: bo 37 dong Grand Total / rong
    Sales detail with COGS.xlsx: bo 14 dong CANCELED (giu CANCELED = N)
    Sales Order Follow Up.xlsx: bo 1 dong Grand Total / rong
  ACT: 1,462 dong | SO: 201 dong | SQ: 84 dong
  Bo Channel = SEB / MLA = SEB (noi bo): 4 dong

============================================================
As of: 10-Aug-2026 10:50
So dong chi tiet: 1,743
So Channel: 10 | MLA: 25 | Item: 489
Tong Gross : 10,259,711,429
[KAM] Net 8,194,549,639 | SGM% 30.58%
[FIN] Net 8,147,626,763 | SGM% 40.25%

  -> Da luu: C:\AI_Dashboard\kam_cache.parquet

XONG!
Buoc tiep: 1) Restart app  2) git add/commit/push (neu muon cap nhat cloud)
[main 9841dce] Auto update KAM 10-Aug-26 10:50:10.66
 1 file changed, 0 insertions(+), 0 deletions(-)
To https://github.com/Joklc/sales-dashboard.git
   0f5efa2..9841dce  main -> main
[10-Aug-26 10:50:14.66] Xong 
============================================================ 
[10-Aug-26 11:00:02.22] Bat dau 
Doc cac bang tra cuu...
Doc & xu ly 3 file nguon (ACT + SO + SQ)...
    Sales detail with COGS.xlsx: bo 37 dong Grand Total / rong
    Sales detail with COGS.xlsx: bo 14 dong CANCELED (giu CANCELED = N)
    Sales Order Follow Up.xlsx: bo 1 dong Grand Total / rong
  ACT: 1,462 dong | SO: 201 dong | SQ: 84 dong
  Bo Channel = SEB / MLA = SEB (noi bo): 4 dong

============================================================
As of: 10-Aug-2026 11:00
So dong chi tiet: 1,743
So Channel: 10 | MLA: 25 | Item: 489
Tong Gross : 10,259,711,429
[KAM] Net 8,194,549,639 | SGM% 30.58%
[FIN] Net 8,147,626,763 | SGM% 40.25%

  -> Da luu: C:\AI_Dashboard\kam_cache.parquet

XONG!
Buoc tiep: 1) Restart app  2) git add/commit/push (neu muon cap nhat cloud)
[main 1a5caa5] Auto update KAM 10-Aug-26 11:00:09.53
 1 file changed, 0 insertions(+), 0 deletions(-)
To https://github.com/Joklc/sales-dashboard.git
   9841dce..1a5caa5  main -> main
[10-Aug-26 11:00:13.79] Xong 
============================================================ 
[10-Aug-26 11:10:02.54] Bat dau 
Doc cac bang tra cuu...
Doc & xu ly 3 file nguon (ACT + SO + SQ)...
    Sales detail with COGS.xlsx: bo 37 dong Grand Total / rong
    Sales detail with COGS.xlsx: bo 14 dong CANCELED (giu CANCELED = N)
    Sales Order Follow Up.xlsx: bo 1 dong Grand Total / rong
  ACT: 1,709 dong | SO: 186 dong | SQ: 101 dong
  Bo Channel = SEB / MLA = SEB (noi bo): 4 dong

============================================================
As of: 10-Aug-2026 11:10
So dong chi tiet: 1,992
So Channel: 10 | MLA: 26 | Item: 512
Tong Gross : 10,765,061,734
[KAM] Net 8,693,785,443 | SGM% 32.38%
[FIN] Net 8,646,862,567 | SGM% 41.83%

  -> Da luu: C:\AI_Dashboard\kam_cache.parquet

XONG!
Buoc tiep: 1) Restart app  2) git add/commit/push (neu muon cap nhat cloud)
[main 0e7fa65] Auto update KAM 10-Aug-26 11:10:11.41
 1 file changed, 0 insertions(+), 0 deletions(-)
To https://github.com/Joklc/sales-dashboard.git
   1a5caa5..0e7fa65  main -> main
[10-Aug-26 11:10:15.92] Xong 
============================================================ 
[10-Aug-26 11:20:02.28] Bat dau 
Doc cac bang tra cuu...
Doc & xu ly 3 file nguon (ACT + SO + SQ)...
    Sales detail with COGS.xlsx: bo 37 dong Grand Total / rong
    Sales detail with COGS.xlsx: bo 14 dong CANCELED (giu CANCELED = N)
    Sales Order Follow Up.xlsx: bo 1 dong Grand Total / rong
  ACT: 1,709 dong | SO: 187 dong | SQ: 103 dong
  Bo Channel = SEB / MLA = SEB (noi bo): 4 dong

============================================================
As of: 10-Aug-2026 11:20
So dong chi tiet: 1,995
So Channel: 10 | MLA: 26 | Item: 512
Tong Gross : 10,801,894,299
[KAM] Net 8,725,093,123 | SGM% 32.44%
[FIN] Net 8,678,170,247 | SGM% 41.88%

  -> Da luu: C:\AI_Dashboard\kam_cache.parquet

XONG!
Buoc tiep: 1) Restart app  2) git add/commit/push (neu muon cap nhat cloud)
[main c206af9] Auto update KAM 10-Aug-26 11:20:09.92
 1 file changed, 0 insertions(+), 0 deletions(-)
To https://github.com/Joklc/sales-dashboard.git
   0e7fa65..c206af9  main -> main
[10-Aug-26 11:20:13.96] Xong 
============================================================ 
[10-Aug-26 11:30:02.44] Bat dau 
Doc cac bang tra cuu...
Doc & xu ly 3 file nguon (ACT + SO + SQ)...
    Sales detail with COGS.xlsx: bo 37 dong Grand Total / rong
    Sales detail with COGS.xlsx: bo 14 dong CANCELED (giu CANCELED = N)
    Sales Order Follow Up.xlsx: bo 1 dong Grand Total / rong
  ACT: 1,709 dong | SO: 187 dong | SQ: 103 dong
  Bo Channel = SEB / MLA = SEB (noi bo): 4 dong

============================================================
As of: 10-Aug-2026 11:30
So dong chi tiet: 1,995
So Channel: 10 | MLA: 26 | Item: 512
Tong Gross : 10,801,894,299
[KAM] Net 8,725,093,123 | SGM% 32.44%
[FIN] Net 8,678,170,247 | SGM% 41.88%

  -> Da luu: C:\AI_Dashboard\kam_cache.parquet

XONG!
Buoc tiep: 1) Restart app  2) git add/commit/push (neu muon cap nhat cloud)
[main c9741a4] Auto update KAM 10-Aug-26 11:30:18.33
 1 file changed, 0 insertions(+), 0 deletions(-)
To https://github.com/Joklc/sales-dashboard.git
   c206af9..c9741a4  main -> main
[10-Aug-26 11:30:22.72] Xong 
============================================================ 
[10-Aug-26 11:40:02.31] Bat dau 
Doc cac bang tra cuu...
Doc & xu ly 3 file nguon (ACT + SO + SQ)...
    Sales detail with COGS.xlsx: bo 37 dong Grand Total / rong
    Sales detail with COGS.xlsx: bo 14 dong CANCELED (giu CANCELED = N)
    Sales Order Follow Up.xlsx: bo 1 dong Grand Total / rong
  ACT: 1,720 dong | SO: 187 dong | SQ: 104 dong
  Bo Channel = SEB / MLA = SEB (noi bo): 4 dong

============================================================
As of: 10-Aug-2026 11:40
So dong chi tiet: 2,007
So Channel: 10 | MLA: 27 | Item: 513
Tong Gross : 10,895,233,419
[KAM] Net 8,811,305,780 | SGM% 32.58%
[FIN] Net 8,764,382,904 | SGM% 41.99%

  -> Da luu: C:\AI_Dashboard\kam_cache.parquet

XONG!
Buoc tiep: 1) Restart app  2) git add/commit/push (neu muon cap nhat cloud)
[main 23a9ced] Auto update KAM 10-Aug-26 11:40:11.28
 1 file changed, 0 insertions(+), 0 deletions(-)
To https://github.com/Joklc/sales-dashboard.git
   c9741a4..23a9ced  main -> main
[10-Aug-26 11:40:15.37] Xong 
============================================================ 
[10-Aug-26 11:50:02.23] Bat dau 
Doc cac bang tra cuu...
Doc & xu ly 3 file nguon (ACT + SO + SQ)...
    Sales detail with COGS.xlsx: bo 37 dong Grand Total / rong
    Sales detail with COGS.xlsx: bo 14 dong CANCELED (giu CANCELED = N)
    Sales Order Follow Up.xlsx: bo 1 dong Grand Total / rong
  ACT: 1,720 dong | SO: 176 dong | SQ: 104 dong
  Bo Channel = SEB / MLA = SEB (noi bo): 4 dong

============================================================
As of: 10-Aug-2026 11:50
So dong chi tiet: 1,996
So Channel: 10 | MLA: 27 | Item: 513
Tong Gross : 10,806,152,632
[KAM] Net 8,729,351,456 | SGM% 32.46%
[FIN] Net 8,682,428,580 | SGM% 41.90%

  -> Da luu: C:\AI_Dashboard\kam_cache.parquet

XONG!
Buoc tiep: 1) Restart app  2) git add/commit/push (neu muon cap nhat cloud)
[main 6db1ff5] Auto update KAM 10-Aug-26 11:50:09.76
 1 file changed, 0 insertions(+), 0 deletions(-)
To https://github.com/Joklc/sales-dashboard.git
   23a9ced..6db1ff5  main -> main
[10-Aug-26 11:50:13.69] Xong 
============================================================ 
[10-Aug-26 12:00:02.60] Bat dau 
Doc cac bang tra cuu...
Doc & xu ly 3 file nguon (ACT + SO + SQ)...
    Sales detail with COGS.xlsx: bo 37 dong Grand Total / rong
    Sales detail with COGS.xlsx: bo 14 dong CANCELED (giu CANCELED = N)
    Sales Order Follow Up.xlsx: bo 1 dong Grand Total / rong
  ACT: 1,720 dong | SO: 176 dong | SQ: 104 dong
  Bo Channel = SEB / MLA = SEB (noi bo): 4 dong

============================================================
As of: 10-Aug-2026 12:00
So dong chi tiet: 1,996
So Channel: 10 | MLA: 27 | Item: 513
Tong Gross : 10,806,152,632
[KAM] Net 8,729,351,456 | SGM% 32.46%
[FIN] Net 8,682,428,580 | SGM% 41.90%

  -> Da luu: C:\AI_Dashboard\kam_cache.parquet

XONG!
Buoc tiep: 1) Restart app  2) git add/commit/push (neu muon cap nhat cloud)
[main 02c66a9] Auto update KAM 10-Aug-26 12:00:13.85
 1 file changed, 0 insertions(+), 0 deletions(-)
To https://github.com/Joklc/sales-dashboard.git
   6db1ff5..02c66a9  main -> main
[10-Aug-26 12:00:18.79] Xong 
============================================================ 
[10-Aug-26 12:10:02.33] Bat dau 
Doc cac bang tra cuu...
Doc & xu ly 3 file nguon (ACT + SO + SQ)...
    Sales detail with COGS.xlsx: bo 37 dong Grand Total / rong
    Sales detail with COGS.xlsx: bo 14 dong CANCELED (giu CANCELED = N)
    Sales Order Follow Up.xlsx: bo 1 dong Grand Total / rong
  ACT: 1,720 dong | SO: 176 dong | SQ: 104 dong
  Bo Channel = SEB / MLA = SEB (noi bo): 4 dong

============================================================
As of: 10-Aug-2026 12:10
So dong chi tiet: 1,996
So Channel: 10 | MLA: 27 | Item: 513
Tong Gross : 10,806,152,632
[KAM] Net 8,729,351,456 | SGM% 32.46%
[FIN] Net 8,682,428,580 | SGM% 41.90%

  -> Da luu: C:\AI_Dashboard\kam_cache.parquet

XONG!
Buoc tiep: 1) Restart app  2) git add/commit/push (neu muon cap nhat cloud)
[main b4c28e6] Auto update KAM 10-Aug-26 12:10:10.46
 1 file changed, 0 insertions(+), 0 deletions(-)
To https://github.com/Joklc/sales-dashboard.git
   02c66a9..b4c28e6  main -> main
[10-Aug-26 12:10:14.46] Xong 
============================================================ 
[10-Aug-26 12:20:02.25] Bat dau 
Doc cac bang tra cuu...
Doc & xu ly 3 file nguon (ACT + SO + SQ)...
    Sales detail with COGS.xlsx: bo 37 dong Grand Total / rong
    Sales detail with COGS.xlsx: bo 14 dong CANCELED (giu CANCELED = N)
    Sales Order Follow Up.xlsx: bo 1 dong Grand Total / rong
  ACT: 1,720 dong | SO: 176 dong | SQ: 104 dong
  Bo Channel = SEB / MLA = SEB (noi bo): 4 dong

============================================================
As of: 10-Aug-2026 12:20
So dong chi tiet: 1,996
So Channel: 10 | MLA: 27 | Item: 513
Tong Gross : 10,806,152,632
[KAM] Net 8,729,351,456 | SGM% 32.46%
[FIN] Net 8,682,428,580 | SGM% 41.90%

  -> Da luu: C:\AI_Dashboard\kam_cache.parquet

XONG!
Buoc tiep: 1) Restart app  2) git add/commit/push (neu muon cap nhat cloud)
[main d370fad] Auto update KAM 10-Aug-26 12:20:10.91
 1 file changed, 0 insertions(+), 0 deletions(-)
To https://github.com/Joklc/sales-dashboard.git
   b4c28e6..d370fad  main -> main
[10-Aug-26 12:20:15.08] Xong 
============================================================ 
[10-Aug-26 12:30:02.25] Bat dau 
Doc cac bang tra cuu...
Doc & xu ly 3 file nguon (ACT + SO + SQ)...
    Sales detail with COGS.xlsx: bo 37 dong Grand Total / rong
    Sales detail with COGS.xlsx: bo 14 dong CANCELED (giu CANCELED = N)
    Sales Order Follow Up.xlsx: bo 1 dong Grand Total / rong
  ACT: 1,720 dong | SO: 176 dong | SQ: 104 dong
  Bo Channel = SEB / MLA = SEB (noi bo): 4 dong

============================================================
As of: 10-Aug-2026 12:30
So dong chi tiet: 1,996
So Channel: 10 | MLA: 27 | Item: 513
Tong Gross : 10,806,152,632
[KAM] Net 8,729,351,456 | SGM% 32.46%
[FIN] Net 8,682,428,580 | SGM% 41.90%

  -> Da luu: C:\AI_Dashboard\kam_cache.parquet

XONG!
Buoc tiep: 1) Restart app  2) git add/commit/push (neu muon cap nhat cloud)
[main 5e1e74d] Auto update KAM 10-Aug-26 12:30:10.70
 1 file changed, 0 insertions(+), 0 deletions(-)
To https://github.com/Joklc/sales-dashboard.git
   d370fad..5e1e74d  main -> main
[10-Aug-26 12:30:14.66] Xong 
============================================================ 
[10-Aug-26 12:40:02.25] Bat dau 
Doc cac bang tra cuu...
Doc & xu ly 3 file nguon (ACT + SO + SQ)...
    Sales detail with COGS.xlsx: bo 37 dong Grand Total / rong
    Sales detail with COGS.xlsx: bo 14 dong CANCELED (giu CANCELED = N)
    Sales Order Follow Up.xlsx: bo 1 dong Grand Total / rong
  ACT: 1,723 dong | SO: 162 dong | SQ: 104 dong
  Bo Channel = SEB / MLA = SEB (noi bo): 4 dong

============================================================
As of: 10-Aug-2026 12:40
So dong chi tiet: 1,985
So Channel: 10 | MLA: 27 | Item: 513
Tong Gross : 10,806,152,632
[KAM] Net 8,729,351,456 | SGM% 32.46%
[FIN] Net 8,682,428,580 | SGM% 41.90%

  -> Da luu: C:\AI_Dashboard\kam_cache.parquet

XONG!
Buoc tiep: 1) Restart app  2) git add/commit/push (neu muon cap nhat cloud)
[main 3153bcb] Auto update KAM 10-Aug-26 12:40:10.05
 1 file changed, 0 insertions(+), 0 deletions(-)
To https://github.com/Joklc/sales-dashboard.git
   5e1e74d..3153bcb  main -> main
[10-Aug-26 12:40:14.23] Xong 
============================================================ 
[10-Aug-26 12:50:02.28] Bat dau 
Doc cac bang tra cuu...
Doc & xu ly 3 file nguon (ACT + SO + SQ)...
    Sales detail with COGS.xlsx: bo 37 dong Grand Total / rong
    Sales detail with COGS.xlsx: bo 14 dong CANCELED (giu CANCELED = N)
    Sales Order Follow Up.xlsx: bo 1 dong Grand Total / rong
  ACT: 1,723 dong | SO: 162 dong | SQ: 104 dong
  Bo Channel = SEB / MLA = SEB (noi bo): 4 dong

============================================================
As of: 10-Aug-2026 12:50
So dong chi tiet: 1,985
So Channel: 10 | MLA: 27 | Item: 513
Tong Gross : 10,806,152,632
[KAM] Net 8,729,351,456 | SGM% 32.46%
[FIN] Net 8,682,428,580 | SGM% 41.90%

  -> Da luu: C:\AI_Dashboard\kam_cache.parquet

XONG!
Buoc tiep: 1) Restart app  2) git add/commit/push (neu muon cap nhat cloud)
[main 185f21b] Auto update KAM 10-Aug-26 12:50:10.05
 1 file changed, 0 insertions(+), 0 deletions(-)
To https://github.com/Joklc/sales-dashboard.git
   3153bcb..185f21b  main -> main
[10-Aug-26 12:50:14.07] Xong 
============================================================ 
[10-Aug-26 13:00:02.31] Bat dau 
Doc cac bang tra cuu...
Doc & xu ly 3 file nguon (ACT + SO + SQ)...
    Sales detail with COGS.xlsx: bo 37 dong Grand Total / rong
    Sales detail with COGS.xlsx: bo 14 dong CANCELED (giu CANCELED = N)
    Sales Order Follow Up.xlsx: bo 1 dong Grand Total / rong
  ACT: 1,723 dong | SO: 162 dong | SQ: 104 dong
  Bo Channel = SEB / MLA = SEB (noi bo): 4 dong

============================================================
As of: 10-Aug-2026 13:00
So dong chi tiet: 1,985
So Channel: 10 | MLA: 27 | Item: 513
Tong Gross : 10,806,152,632
[KAM] Net 8,729,351,456 | SGM% 32.46%
[FIN] Net 8,682,428,580 | SGM% 41.90%

  -> Da luu: C:\AI_Dashboard\kam_cache.parquet

XONG!
Buoc tiep: 1) Restart app  2) git add/commit/push (neu muon cap nhat cloud)
[main 41c9509] Auto update KAM 10-Aug-26 13:00:11.11
 1 file changed, 0 insertions(+), 0 deletions(-)
To https://github.com/Joklc/sales-dashboard.git
   185f21b..41c9509  main -> main
[10-Aug-26 13:00:15.49] Xong 
============================================================ 
[10-Aug-26 13:10:02.31] Bat dau 
Doc cac bang tra cuu...
Doc & xu ly 3 file nguon (ACT + SO + SQ)...
    Sales detail with COGS.xlsx: bo 37 dong Grand Total / rong
    Sales detail with COGS.xlsx: bo 14 dong CANCELED (giu CANCELED = N)
    Sales Order Follow Up.xlsx: bo 1 dong Grand Total / rong
  ACT: 1,723 dong | SO: 162 dong | SQ: 104 dong
  Bo Channel = SEB / MLA = SEB (noi bo): 4 dong

============================================================
As of: 10-Aug-2026 13:10
So dong chi tiet: 1,985
So Channel: 10 | MLA: 27 | Item: 513
Tong Gross : 10,806,152,632
[KAM] Net 8,729,351,456 | SGM% 32.46%
[FIN] Net 8,682,428,580 | SGM% 41.90%

  -> Da luu: C:\AI_Dashboard\kam_cache.parquet

XONG!
Buoc tiep: 1) Restart app  2) git add/commit/push (neu muon cap nhat cloud)
[main e5c8b28] Auto update KAM 10-Aug-26 13:10:10.64
 1 file changed, 0 insertions(+), 0 deletions(-)
To https://github.com/Joklc/sales-dashboard.git
   41c9509..e5c8b28  main -> main
[10-Aug-26 13:10:14.88] Xong 
============================================================ 
[10-Aug-26 13:20:02.30] Bat dau 
Doc cac bang tra cuu...
Doc & xu ly 3 file nguon (ACT + SO + SQ)...
    Sales detail with COGS.xlsx: bo 37 dong Grand Total / rong
    Sales detail with COGS.xlsx: bo 14 dong CANCELED (giu CANCELED = N)
    Sales Order Follow Up.xlsx: bo 1 dong Grand Total / rong
  ACT: 1,723 dong | SO: 162 dong | SQ: 104 dong
  Bo Channel = SEB / MLA = SEB (noi bo): 4 dong

============================================================
As of: 10-Aug-2026 13:20
So dong chi tiet: 1,985
So Channel: 10 | MLA: 27 | Item: 513
Tong Gross : 10,806,152,632
[KAM] Net 8,729,351,456 | SGM% 32.46%
[FIN] Net 8,682,428,580 | SGM% 41.90%

  -> Da luu: C:\AI_Dashboard\kam_cache.parquet

XONG!
Buoc tiep: 1) Restart app  2) git add/commit/push (neu muon cap nhat cloud)
[main 1dc3233] Auto update KAM 10-Aug-26 13:20:10.01
 1 file changed, 0 insertions(+), 0 deletions(-)
To https://github.com/Joklc/sales-dashboard.git
   e5c8b28..1dc3233  main -> main
[10-Aug-26 13:20:14.14] Xong 
============================================================ 
[10-Aug-26 13:30:02.23] Bat dau 
Doc cac bang tra cuu...
Doc & xu ly 3 file nguon (ACT + SO + SQ)...
    Sales detail with COGS.xlsx: bo 37 dong Grand Total / rong
    Sales detail with COGS.xlsx: bo 14 dong CANCELED (giu CANCELED = N)
    Sales Order Follow Up.xlsx: bo 1 dong Grand Total / rong
  ACT: 1,723 dong | SO: 171 dong | SQ: 104 dong
  Bo Channel = SEB / MLA = SEB (noi bo): 4 dong

============================================================
As of: 10-Aug-2026 13:30
So dong chi tiet: 1,994
So Channel: 10 | MLA: 27 | Item: 513
Tong Gross : 10,816,743,485
[KAM] Net 8,736,064,138 | SGM% 32.45%
[FIN] Net 8,689,141,262 | SGM% 41.89%

  -> Da luu: C:\AI_Dashboard\kam_cache.parquet

XONG!
Buoc tiep: 1) Restart app  2) git add/commit/push (neu muon cap nhat cloud)
[main c2cab39] Auto update KAM 10-Aug-26 13:30:10.17
 1 file changed, 0 insertions(+), 0 deletions(-)
To https://github.com/Joklc/sales-dashboard.git
   1dc3233..c2cab39  main -> main
[10-Aug-26 13:30:14.21] Xong 
============================================================ 
[10-Aug-26 13:40:02.36] Bat dau 
Doc cac bang tra cuu...
Doc & xu ly 3 file nguon (ACT + SO + SQ)...
    Sales detail with COGS.xlsx: bo 37 dong Grand Total / rong
    Sales detail with COGS.xlsx: bo 14 dong CANCELED (giu CANCELED = N)
    Sales Order Follow Up.xlsx: bo 1 dong Grand Total / rong
  ACT: 1,725 dong | SO: 171 dong | SQ: 107 dong
  Bo Channel = SEB / MLA = SEB (noi bo): 4 dong

============================================================
As of: 10-Aug-2026 13:40
So dong chi tiet: 1,999
So Channel: 10 | MLA: 27 | Item: 513
Tong Gross : 10,895,191,428
[KAM] Net 8,797,020,941 | SGM% 32.70%
[FIN] Net 8,750,098,065 | SGM% 42.13%

  -> Da luu: C:\AI_Dashboard\kam_cache.parquet

XONG!
Buoc tiep: 1) Restart app  2) git add/commit/push (neu muon cap nhat cloud)
[main 59004f3] Auto update KAM 10-Aug-26 13:40:19.37
 1 file changed, 0 insertions(+), 0 deletions(-)
To https://github.com/Joklc/sales-dashboard.git
   c2cab39..59004f3  main -> main
[10-Aug-26 13:40:24.52] Xong 
============================================================ 
[10-Aug-26 13:58:42.63] Bat dau 
Doc cac bang tra cuu...
Doc & xu ly 3 file nguon (ACT + SO + SQ)...
    Sales detail with COGS.xlsx: bo 37 dong Grand Total / rong
    Sales detail with COGS.xlsx: bo 14 dong CANCELED (giu CANCELED = N)
    Sales Order Follow Up.xlsx: bo 1 dong Grand Total / rong
  ACT: 1,725 dong | SO: 171 dong | SQ: 112 dong
  Bo Channel = SEB / MLA = SEB (noi bo): 4 dong

============================================================
As of: 10-Aug-2026 13:58
So dong chi tiet: 2,004
So Channel: 10 | MLA: 27 | Item: 513
Tong Gross : 10,919,706,541
[KAM] Net 8,813,508,799 | SGM% 32.60%
[FIN] Net 8,766,585,923 | SGM% 42.06%

  -> Da luu: C:\AI_Dashboard\kam_cache.parquet

XONG!
Buoc tiep: 1) Restart app  2) git add/commit/push (neu muon cap nhat cloud)
[main ad1bf15] Auto update KAM 10-Aug-26 13:58:51.50
 1 file changed, 0 insertions(+), 0 deletions(-)
To https://github.com/Joklc/sales-dashboard.git
   59004f3..ad1bf15  main -> main
[10-Aug-26 13:58:55.69] Xong 
============================================================ 
[10-Aug-26 14:00:02.23] Bat dau 
Doc cac bang tra cuu...
Doc & xu ly 3 file nguon (ACT + SO + SQ)...
    Sales detail with COGS.xlsx: bo 37 dong Grand Total / rong
    Sales detail with COGS.xlsx: bo 14 dong CANCELED (giu CANCELED = N)
    Sales Order Follow Up.xlsx: bo 1 dong Grand Total / rong
  ACT: 1,725 dong | SO: 171 dong | SQ: 126 dong
  Bo Channel = SEB / MLA = SEB (noi bo): 4 dong

============================================================
As of: 10-Aug-2026 14:00
So dong chi tiet: 2,018
So Channel: 10 | MLA: 27 | Item: 513
Tong Gross : 11,135,434,680
[KAM] Net 8,977,462,184 | SGM% 32.51%
[FIN] Net 8,930,539,308 | SGM% 42.08%

  -> Da luu: C:\AI_Dashboard\kam_cache.parquet

XONG!
Buoc tiep: 1) Restart app  2) git add/commit/push (neu muon cap nhat cloud)
[main 4246a9c] Auto update KAM 10-Aug-26 14:00:10.06
 1 file changed, 0 insertions(+), 0 deletions(-)
To https://github.com/Joklc/sales-dashboard.git
   ad1bf15..4246a9c  main -> main
[10-Aug-26 14:00:14.95] Xong 
============================================================ 
[10-Aug-26 14:10:02.28] Bat dau 
Doc cac bang tra cuu...
Doc & xu ly 3 file nguon (ACT + SO + SQ)...
    Sales detail with COGS.xlsx: bo 37 dong Grand Total / rong
    Sales detail with COGS.xlsx: bo 14 dong CANCELED (giu CANCELED = N)
    Sales Order Follow Up.xlsx: bo 1 dong Grand Total / rong
  ACT: 1,725 dong | SO: 158 dong | SQ: 126 dong
  Bo Channel = SEB / MLA = SEB (noi bo): 4 dong

============================================================
As of: 10-Aug-2026 14:10
So dong chi tiet: 2,005
So Channel: 10 | MLA: 27 | Item: 513
Tong Gross : 10,778,137,320
[KAM] Net 8,666,613,481 | SGM% 32.78%
[FIN] Net 8,619,690,605 | SGM% 42.35%

  -> Da luu: C:\AI_Dashboard\kam_cache.parquet

XONG!
Buoc tiep: 1) Restart app  2) git add/commit/push (neu muon cap nhat cloud)
[main 0cde722] Auto update KAM 10-Aug-26 14:10:13.56
 1 file changed, 0 insertions(+), 0 deletions(-)
To https://github.com/Joklc/sales-dashboard.git
   4246a9c..0cde722  main -> main
[10-Aug-26 14:10:17.96] Xong 
============================================================ 
[10-Aug-26 14:20:02.57] Bat dau 
Doc cac bang tra cuu...
Doc & xu ly 3 file nguon (ACT + SO + SQ)...
    Sales detail with COGS.xlsx: bo 37 dong Grand Total / rong
    Sales detail with COGS.xlsx: bo 14 dong CANCELED (giu CANCELED = N)
    Sales Order Follow Up.xlsx: bo 1 dong Grand Total / rong
  ACT: 1,745 dong | SO: 155 dong | SQ: 126 dong
  Bo Channel = SEB / MLA = SEB (noi bo): 4 dong

============================================================
As of: 10-Aug-2026 14:20
So dong chi tiet: 2,022
So Channel: 10 | MLA: 28 | Item: 524
Tong Gross : 11,089,066,586
[KAM] Net 8,935,730,900 | SGM% 32.48%
[FIN] Net 8,888,808,024 | SGM% 42.05%

  -> Da luu: C:\AI_Dashboard\kam_cache.parquet

XONG!
Buoc tiep: 1) Restart app  2) git add/commit/push (neu muon cap nhat cloud)
[main 179f106] Auto update KAM 10-Aug-26 14:20:10.91
 1 file changed, 0 insertions(+), 0 deletions(-)
To https://github.com/Joklc/sales-dashboard.git
   0cde722..179f106  main -> main
[10-Aug-26 14:20:15.38] Xong 
============================================================ 
[10-Aug-26 14:30:02.35] Bat dau 
Doc cac bang tra cuu...
Doc & xu ly 3 file nguon (ACT + SO + SQ)...
    Sales detail with COGS.xlsx: bo 37 dong Grand Total / rong
    Sales detail with COGS.xlsx: bo 14 dong CANCELED (giu CANCELED = N)
    Sales Order Follow Up.xlsx: bo 1 dong Grand Total / rong
  ACT: 1,745 dong | SO: 155 dong | SQ: 126 dong
  Bo Channel = SEB / MLA = SEB (noi bo): 4 dong

============================================================
As of: 10-Aug-2026 14:30
So dong chi tiet: 2,022
So Channel: 10 | MLA: 28 | Item: 524
Tong Gross : 11,089,066,586
[KAM] Net 8,935,730,900 | SGM% 32.48%
[FIN] Net 8,888,808,024 | SGM% 42.05%

  -> Da luu: C:\AI_Dashboard\kam_cache.parquet

XONG!
Buoc tiep: 1) Restart app  2) git add/commit/push (neu muon cap nhat cloud)
[main c7d3d19] Auto update KAM 10-Aug-26 14:30:10.36
 1 file changed, 0 insertions(+), 0 deletions(-)
To https://github.com/Joklc/sales-dashboard.git
   179f106..c7d3d19  main -> main
[10-Aug-26 14:30:14.50] Xong 
============================================================ 
[10-Aug-26 14:40:02.27] Bat dau 
Doc cac bang tra cuu...
Doc & xu ly 3 file nguon (ACT + SO + SQ)...
    Sales detail with COGS.xlsx: bo 37 dong Grand Total / rong
    Sales detail with COGS.xlsx: bo 14 dong CANCELED (giu CANCELED = N)
    Sales Order Follow Up.xlsx: bo 1 dong Grand Total / rong
  ACT: 1,844 dong | SO: 139 dong | SQ: 154 dong
  Bo Channel = SEB / MLA = SEB (noi bo): 4 dong

============================================================
As of: 10-Aug-2026 14:40
So dong chi tiet: 2,133
So Channel: 10 | MLA: 28 | Item: 564
Tong Gross : 10,929,109,496
[KAM] Net 8,841,383,805 | SGM% 31.84%
[FIN] Net 8,794,460,929 | SGM% 41.61%

  -> Da luu: C:\AI_Dashboard\kam_cache.parquet

XONG!
Buoc tiep: 1) Restart app  2) git add/commit/push (neu muon cap nhat cloud)
[main 7c749e7] Auto update KAM 10-Aug-26 14:40:10.04
 1 file changed, 0 insertions(+), 0 deletions(-)
To https://github.com/Joklc/sales-dashboard.git
   c7d3d19..7c749e7  main -> main
[10-Aug-26 14:40:13.99] Xong 
============================================================ 
[10-Aug-26 14:50:02.27] Bat dau 
Doc cac bang tra cuu...
Doc & xu ly 3 file nguon (ACT + SO + SQ)...
    Sales detail with COGS.xlsx: bo 37 dong Grand Total / rong
    Sales detail with COGS.xlsx: bo 14 dong CANCELED (giu CANCELED = N)
    Sales Order Follow Up.xlsx: bo 1 dong Grand Total / rong
  ACT: 1,865 dong | SO: 122 dong | SQ: 160 dong
  Bo Channel = SEB / MLA = SEB (noi bo): 4 dong

============================================================
As of: 10-Aug-2026 14:50
So dong chi tiet: 2,143
So Channel: 10 | MLA: 28 | Item: 564
Tong Gross : 10,960,138,737
[KAM] Net 8,864,812,682 | SGM% 31.80%
[FIN] Net 8,817,889,806 | SGM% 41.58%

  -> Da luu: C:\AI_Dashboard\kam_cache.parquet

XONG!
Buoc tiep: 1) Restart app  2) git add/commit/push (neu muon cap nhat cloud)
[main 9bdcafc] Auto update KAM 10-Aug-26 14:50:09.96
 1 file changed, 0 insertions(+), 0 deletions(-)
To https://github.com/Joklc/sales-dashboard.git
   7c749e7..9bdcafc  main -> main
[10-Aug-26 14:50:14.12] Xong 
============================================================ 
[10-Aug-26 15:00:02.37] Bat dau 
Doc cac bang tra cuu...
Doc & xu ly 3 file nguon (ACT + SO + SQ)...
    Sales detail with COGS.xlsx: bo 37 dong Grand Total / rong
    Sales detail with COGS.xlsx: bo 14 dong CANCELED (giu CANCELED = N)
    Sales Order Follow Up.xlsx: bo 1 dong Grand Total / rong
  ACT: 1,865 dong | SO: 122 dong | SQ: 151 dong
  Bo Channel = SEB / MLA = SEB (noi bo): 4 dong

============================================================
As of: 10-Aug-2026 15:00
So dong chi tiet: 2,134
So Channel: 10 | MLA: 28 | Item: 562
Tong Gross : 10,945,269,521
[KAM] Net 8,851,700,308 | SGM% 31.78%
[FIN] Net 8,804,777,432 | SGM% 41.55%

  -> Da luu: C:\AI_Dashboard\kam_cache.parquet

XONG!
Buoc tiep: 1) Restart app  2) git add/commit/push (neu muon cap nhat cloud)
[main 876558a] Auto update KAM 10-Aug-26 15:00:11.58
 1 file changed, 0 insertions(+), 0 deletions(-)
To https://github.com/Joklc/sales-dashboard.git
   9bdcafc..876558a  main -> main
[10-Aug-26 15:00:15.79] Xong 
============================================================ 
[10-Aug-26 15:10:02.31] Bat dau 
Doc cac bang tra cuu...
Doc & xu ly 3 file nguon (ACT + SO + SQ)...
    Sales detail with COGS.xlsx: bo 37 dong Grand Total / rong
    Sales detail with COGS.xlsx: bo 14 dong CANCELED (giu CANCELED = N)
    Sales Order Follow Up.xlsx: bo 1 dong Grand Total / rong
  ACT: 1,874 dong | SO: 124 dong | SQ: 151 dong
  Bo Channel = SEB / MLA = SEB (noi bo): 4 dong

============================================================
As of: 10-Aug-2026 15:10
So dong chi tiet: 2,145
So Channel: 10 | MLA: 28 | Item: 562
Tong Gross : 10,964,738,123
[KAM] Net 8,868,248,619 | SGM% 31.81%
[FIN] Net 8,821,325,743 | SGM% 41.58%

  -> Da luu: C:\AI_Dashboard\kam_cache.parquet

XONG!
Buoc tiep: 1) Restart app  2) git add/commit/push (neu muon cap nhat cloud)
[main 764c4c6] Auto update KAM 10-Aug-26 15:10:10.76
 1 file changed, 0 insertions(+), 0 deletions(-)
To https://github.com/Joklc/sales-dashboard.git
   876558a..764c4c6  main -> main
[10-Aug-26 15:10:14.89] Xong 
============================================================ 
[10-Aug-26 15:20:02.23] Bat dau 
Doc cac bang tra cuu...
Doc & xu ly 3 file nguon (ACT + SO + SQ)...
    Sales detail with COGS.xlsx: bo 37 dong Grand Total / rong
    Sales detail with COGS.xlsx: bo 14 dong CANCELED (giu CANCELED = N)
    Sales Order Follow Up.xlsx: bo 1 dong Grand Total / rong
  ACT: 1,880 dong | SO: 118 dong | SQ: 144 dong
  Bo Channel = SEB / MLA = SEB (noi bo): 4 dong

============================================================
As of: 10-Aug-2026 15:20
So dong chi tiet: 2,138
So Channel: 10 | MLA: 28 | Item: 563
Tong Gross : 10,952,292,869
[KAM] Net 8,857,706,083 | SGM% 31.79%
[FIN] Net 8,810,783,207 | SGM% 41.56%

  -> Da luu: C:\AI_Dashboard\kam_cache.parquet

XONG!
Buoc tiep: 1) Restart app  2) git add/commit/push (neu muon cap nhat cloud)
[main 540c44c] Auto update KAM 10-Aug-26 15:20:09.45
 1 file changed, 0 insertions(+), 0 deletions(-)
To https://github.com/Joklc/sales-dashboard.git
   764c4c6..540c44c  main -> main
[10-Aug-26 15:20:13.51] Xong 
============================================================ 
[10-Aug-26 15:30:02.21] Bat dau 
Doc cac bang tra cuu...
Doc & xu ly 3 file nguon (ACT + SO + SQ)...
    Sales detail with COGS.xlsx: bo 37 dong Grand Total / rong
    Sales detail with COGS.xlsx: bo 14 dong CANCELED (giu CANCELED = N)
    Sales Order Follow Up.xlsx: bo 1 dong Grand Total / rong
  ACT: 1,880 dong | SO: 118 dong | SQ: 144 dong
  Bo Channel = SEB / MLA = SEB (noi bo): 4 dong

============================================================
As of: 10-Aug-2026 15:30
So dong chi tiet: 2,138
So Channel: 10 | MLA: 28 | Item: 563
Tong Gross : 10,952,292,869
[KAM] Net 8,857,706,083 | SGM% 31.79%
[FIN] Net 8,810,783,207 | SGM% 41.56%

  -> Da luu: C:\AI_Dashboard\kam_cache.parquet

XONG!
Buoc tiep: 1) Restart app  2) git add/commit/push (neu muon cap nhat cloud)
[main 49ac407] Auto update KAM 10-Aug-26 15:30:09.32
 1 file changed, 0 insertions(+), 0 deletions(-)
To https://github.com/Joklc/sales-dashboard.git
   540c44c..49ac407  main -> main
[10-Aug-26 15:30:13.30] Xong 
============================================================ 
[10-Aug-26 15:40:02.31] Bat dau 
Doc cac bang tra cuu...
Doc & xu ly 3 file nguon (ACT + SO + SQ)...
    Sales detail with COGS.xlsx: bo 37 dong Grand Total / rong
    Sales detail with COGS.xlsx: bo 14 dong CANCELED (giu CANCELED = N)
    Sales Order Follow Up.xlsx: bo 1 dong Grand Total / rong
  ACT: 1,891 dong | SO: 108 dong | SQ: 201 dong
  Bo Channel = SEB / MLA = SEB (noi bo): 4 dong

============================================================
As of: 10-Aug-2026 15:40
So dong chi tiet: 2,196
So Channel: 10 | MLA: 28 | Item: 563
Tong Gross : 11,651,944,928
[KAM] Net 9,252,048,686 | SGM% 31.83%
[FIN] Net 9,174,062,707 | SGM% 41.47%

  -> Da luu: C:\AI_Dashboard\kam_cache.parquet

XONG!
Buoc tiep: 1) Restart app  2) git add/commit/push (neu muon cap nhat cloud)
[main 2be8de4] Auto update KAM 10-Aug-26 15:40:10.57
 1 file changed, 0 insertions(+), 0 deletions(-)
To https://github.com/Joklc/sales-dashboard.git
   49ac407..2be8de4  main -> main
[10-Aug-26 15:40:15.68] Xong 
============================================================ 
[10-Aug-26 15:50:02.21] Bat dau 
Doc cac bang tra cuu...
Doc & xu ly 3 file nguon (ACT + SO + SQ)...
    Sales detail with COGS.xlsx: bo 37 dong Grand Total / rong
    Sales detail with COGS.xlsx: bo 14 dong CANCELED (giu CANCELED = N)
    Sales Order Follow Up.xlsx: bo 1 dong Grand Total / rong
  ACT: 1,896 dong | SO: 101 dong | SQ: 233 dong
  Bo Channel = SEB / MLA = SEB (noi bo): 4 dong

============================================================
As of: 10-Aug-2026 15:50
So dong chi tiet: 2,226
So Channel: 10 | MLA: 29 | Item: 566
Tong Gross : 11,889,411,374
[KAM] Net 9,435,412,060 | SGM% 31.70%
[FIN] Net 9,357,426,081 | SGM% 41.35%

  -> Da luu: C:\AI_Dashboard\kam_cache.parquet

XONG!
Buoc tiep: 1) Restart app  2) git add/commit/push (neu muon cap nhat cloud)
[main 789d0f4] Auto update KAM 10-Aug-26 15:50:10.45
 1 file changed, 0 insertions(+), 0 deletions(-)
To https://github.com/Joklc/sales-dashboard.git
   2be8de4..789d0f4  main -> main
[10-Aug-26 15:50:14.73] Xong 
============================================================ 
[10-Aug-26 16:00:02.22] Bat dau 
Doc cac bang tra cuu...
Doc & xu ly 3 file nguon (ACT + SO + SQ)...
    Sales detail with COGS.xlsx: bo 37 dong Grand Total / rong
    Sales detail with COGS.xlsx: bo 14 dong CANCELED (giu CANCELED = N)
    Sales Order Follow Up.xlsx: bo 1 dong Grand Total / rong
  ACT: 1,896 dong | SO: 101 dong | SQ: 233 dong
  Bo Channel = SEB / MLA = SEB (noi bo): 4 dong

============================================================
As of: 10-Aug-2026 16:00
So dong chi tiet: 2,226
So Channel: 10 | MLA: 29 | Item: 566
Tong Gross : 11,889,411,374
[KAM] Net 9,435,412,060 | SGM% 31.70%
[FIN] Net 9,357,426,081 | SGM% 41.35%

  -> Da luu: C:\AI_Dashboard\kam_cache.parquet

XONG!
Buoc tiep: 1) Restart app  2) git add/commit/push (neu muon cap nhat cloud)
[main 6202d79] Auto update KAM 10-Aug-26 16:00:09.85
 1 file changed, 0 insertions(+), 0 deletions(-)
To https://github.com/Joklc/sales-dashboard.git
   789d0f4..6202d79  main -> main
[10-Aug-26 16:00:14.16] Xong 
============================================================ 
[10-Aug-26 16:10:02.49] Bat dau 
Doc cac bang tra cuu...
Doc & xu ly 3 file nguon (ACT + SO + SQ)...
    Sales detail with COGS.xlsx: bo 37 dong Grand Total / rong
    Sales detail with COGS.xlsx: bo 14 dong CANCELED (giu CANCELED = N)
    Sales Order Follow Up.xlsx: bo 1 dong Grand Total / rong
  ACT: 1,897 dong | SO: 100 dong | SQ: 247 dong
  Bo Channel = SEB / MLA = SEB (noi bo): 4 dong

============================================================
As of: 10-Aug-2026 16:10
So dong chi tiet: 2,240
So Channel: 10 | MLA: 29 | Item: 574
Tong Gross : 11,902,039,102
[KAM] Net 9,445,819,164 | SGM% 28.50%
[FIN] Net 9,367,833,185 | SGM% 38.57%

  -> Da luu: C:\AI_Dashboard\kam_cache.parquet

XONG!
Buoc tiep: 1) Restart app  2) git add/commit/push (neu muon cap nhat cloud)
[main 74b72f2] Auto update KAM 10-Aug-26 16:10:12.05
 1 file changed, 0 insertions(+), 0 deletions(-)
To https://github.com/Joklc/sales-dashboard.git
   6202d79..74b72f2  main -> main
[10-Aug-26 16:10:16.54] Xong 
============================================================ 
[10-Aug-26 16:20:02.38] Bat dau 
Doc cac bang tra cuu...
Doc & xu ly 3 file nguon (ACT + SO + SQ)...
    Sales detail with COGS.xlsx: bo 37 dong Grand Total / rong
    Sales detail with COGS.xlsx: bo 14 dong CANCELED (giu CANCELED = N)
    Sales Order Follow Up.xlsx: bo 1 dong Grand Total / rong
  ACT: 1,904 dong | SO: 93 dong | SQ: 243 dong
  Bo Channel = SEB / MLA = SEB (noi bo): 4 dong

============================================================
As of: 10-Aug-2026 16:20
So dong chi tiet: 2,236
So Channel: 10 | MLA: 29 | Item: 576
Tong Gross : 11,451,101,775
[KAM] Net 9,233,013,781 | SGM% 28.15%
[FIN] Net 9,186,090,904 | SGM% 38.42%

  -> Da luu: C:\AI_Dashboard\kam_cache.parquet

XONG!
Buoc tiep: 1) Restart app  2) git add/commit/push (neu muon cap nhat cloud)
[main e6264a2] Auto update KAM 10-Aug-26 16:20:10.69
 1 file changed, 0 insertions(+), 0 deletions(-)
To https://github.com/Joklc/sales-dashboard.git
   74b72f2..e6264a2  main -> main
[10-Aug-26 16:20:15.17] Xong 
============================================================ 
[10-Aug-26 16:30:02.26] Bat dau 
Doc cac bang tra cuu...
Doc & xu ly 3 file nguon (ACT + SO + SQ)...
    Sales detail with COGS.xlsx: bo 37 dong Grand Total / rong
    Sales detail with COGS.xlsx: bo 14 dong CANCELED (giu CANCELED = N)
    Sales Order Follow Up.xlsx: bo 1 dong Grand Total / rong
  ACT: 1,904 dong | SO: 93 dong | SQ: 243 dong
  Bo Channel = SEB / MLA = SEB (noi bo): 4 dong

============================================================
As of: 10-Aug-2026 16:30
So dong chi tiet: 2,236
So Channel: 10 | MLA: 29 | Item: 576
Tong Gross : 11,451,101,775
[KAM] Net 9,233,013,781 | SGM% 28.15%
[FIN] Net 9,186,090,904 | SGM% 38.42%

  -> Da luu: C:\AI_Dashboard\kam_cache.parquet

XONG!
Buoc tiep: 1) Restart app  2) git add/commit/push (neu muon cap nhat cloud)
[main 8dfc83a] Auto update KAM 10-Aug-26 16:30:11.37
 1 file changed, 0 insertions(+), 0 deletions(-)
To https://github.com/Joklc/sales-dashboard.git
   e6264a2..8dfc83a  main -> main
[10-Aug-26 16:30:15.45] Xong 
============================================================ 
[10-Aug-26 16:40:02.34] Bat dau 
Doc cac bang tra cuu...
Doc & xu ly 3 file nguon (ACT + SO + SQ)...
    Sales detail with COGS.xlsx: bo 37 dong Grand Total / rong
    Sales detail with COGS.xlsx: bo 14 dong CANCELED (giu CANCELED = N)
    Sales Order Follow Up.xlsx: bo 1 dong Grand Total / rong
  ACT: 1,904 dong | SO: 107 dong | SQ: 236 dong
  Bo Channel = SEB / MLA = SEB (noi bo): 4 dong

============================================================
As of: 10-Aug-2026 16:40
So dong chi tiet: 2,243
So Channel: 10 | MLA: 29 | Item: 576
Tong Gross : 11,538,616,503
[KAM] Net 9,299,524,974 | SGM% 28.08%
[FIN] Net 9,252,602,098 | SGM% 38.35%

  -> Da luu: C:\AI_Dashboard\kam_cache.parquet

XONG!
Buoc tiep: 1) Restart app  2) git add/commit/push (neu muon cap nhat cloud)
[main 74d2e6c] Auto update KAM 10-Aug-26 16:40:10.59
 1 file changed, 0 insertions(+), 0 deletions(-)
To https://github.com/Joklc/sales-dashboard.git
   8dfc83a..74d2e6c  main -> main
[10-Aug-26 16:40:14.60] Xong 
============================================================ 
[10-Aug-26 16:50:02.25] Bat dau 
Doc cac bang tra cuu...
Doc & xu ly 3 file nguon (ACT + SO + SQ)...
    Sales detail with COGS.xlsx: bo 37 dong Grand Total / rong
    Sales detail with COGS.xlsx: bo 14 dong CANCELED (giu CANCELED = N)
    Sales Order Follow Up.xlsx: bo 1 dong Grand Total / rong
  ACT: 1,904 dong | SO: 107 dong | SQ: 262 dong
  Bo Channel = SEB / MLA = SEB (noi bo): 4 dong

============================================================
As of: 10-Aug-2026 16:50
So dong chi tiet: 2,269
So Channel: 10 | MLA: 29 | Item: 576
Tong Gross : 11,816,263,726
[KAM] Net 9,510,536,863 | SGM% 27.84%
[FIN] Net 9,463,613,987 | SGM% 38.15%

  -> Da luu: C:\AI_Dashboard\kam_cache.parquet

XONG!
Buoc tiep: 1) Restart app  2) git add/commit/push (neu muon cap nhat cloud)
[main e2427c4] Auto update KAM 10-Aug-26 16:50:11.67
 1 file changed, 0 insertions(+), 0 deletions(-)
To https://github.com/Joklc/sales-dashboard.git
   74d2e6c..e2427c4  main -> main
[10-Aug-26 16:50:15.66] Xong 
============================================================ 
[10-Aug-26 17:00:02.25] Bat dau 
Doc cac bang tra cuu...
Doc & xu ly 3 file nguon (ACT + SO + SQ)...
    Sales detail with COGS.xlsx: bo 37 dong Grand Total / rong
    Sales detail with COGS.xlsx: bo 14 dong CANCELED (giu CANCELED = N)
    Sales Order Follow Up.xlsx: bo 1 dong Grand Total / rong
  ACT: 1,904 dong | SO: 107 dong | SQ: 270 dong
  Bo Channel = SEB / MLA = SEB (noi bo): 4 dong

============================================================
As of: 10-Aug-2026 17:00
So dong chi tiet: 2,277
So Channel: 10 | MLA: 29 | Item: 576
Tong Gross : 11,881,843,593
[KAM] Net 9,560,377,562 | SGM% 27.76%
[FIN] Net 9,513,454,686 | SGM% 38.10%

  -> Da luu: C:\AI_Dashboard\kam_cache.parquet

XONG!
Buoc tiep: 1) Restart app  2) git add/commit/push (neu muon cap nhat cloud)
[main ba5f22b] Auto update KAM 10-Aug-26 17:00:10.15
 1 file changed, 0 insertions(+), 0 deletions(-)
To https://github.com/Joklc/sales-dashboard.git
   e2427c4..ba5f22b  main -> main
[10-Aug-26 17:00:14.21] Xong 
============================================================ 
[10-Aug-26 17:10:02.24] Bat dau 
Doc cac bang tra cuu...
Doc & xu ly 3 file nguon (ACT + SO + SQ)...
    Sales detail with COGS.xlsx: bo 37 dong Grand Total / rong
    Sales detail with COGS.xlsx: bo 14 dong CANCELED (giu CANCELED = N)
    Sales Order Follow Up.xlsx: bo 1 dong Grand Total / rong
  ACT: 1,904 dong | SO: 107 dong | SQ: 270 dong
  Bo Channel = SEB / MLA = SEB (noi bo): 4 dong

============================================================
As of: 10-Aug-2026 17:10
So dong chi tiet: 2,277
So Channel: 10 | MLA: 29 | Item: 576
Tong Gross : 11,881,843,593
[KAM] Net 9,560,377,562 | SGM% 27.76%
[FIN] Net 9,513,454,686 | SGM% 38.10%

  -> Da luu: C:\AI_Dashboard\kam_cache.parquet

XONG!
Buoc tiep: 1) Restart app  2) git add/commit/push (neu muon cap nhat cloud)
[main 1535623] Auto update KAM 10-Aug-26 17:10:11.54
 1 file changed, 0 insertions(+), 0 deletions(-)
To https://github.com/Joklc/sales-dashboard.git
   ba5f22b..1535623  main -> main
[10-Aug-26 17:10:17.08] Xong 
============================================================ 
[10-Aug-26 17:20:02.30] Bat dau 
Doc cac bang tra cuu...
Doc & xu ly 3 file nguon (ACT + SO + SQ)...
    Sales detail with COGS.xlsx: bo 37 dong Grand Total / rong
    Sales detail with COGS.xlsx: bo 14 dong CANCELED (giu CANCELED = N)
    Sales Order Follow Up.xlsx: bo 1 dong Grand Total / rong
  ACT: 1,904 dong | SO: 107 dong | SQ: 315 dong
  Bo Channel = SEB / MLA = SEB (noi bo): 4 dong

============================================================
As of: 10-Aug-2026 17:20
So dong chi tiet: 2,322
So Channel: 10 | MLA: 29 | Item: 577
Tong Gross : 12,531,708,688
[KAM] Net 10,054,275,034 | SGM% 27.18%
[FIN] Net 10,007,352,158 | SGM% 37.61%

  -> Da luu: C:\AI_Dashboard\kam_cache.parquet

XONG!
Buoc tiep: 1) Restart app  2) git add/commit/push (neu muon cap nhat cloud)
[main 246f6fa] Auto update KAM 10-Aug-26 17:20:11.01
 1 file changed, 0 insertions(+), 0 deletions(-)
To https://github.com/Joklc/sales-dashboard.git
   1535623..246f6fa  main -> main
[10-Aug-26 17:20:15.30] Xong 
============================================================ 
[10-Aug-26 17:30:02.25] Bat dau 
Doc cac bang tra cuu...
Doc & xu ly 3 file nguon (ACT + SO + SQ)...
    Sales detail with COGS.xlsx: bo 37 dong Grand Total / rong
    Sales detail with COGS.xlsx: bo 14 dong CANCELED (giu CANCELED = N)
    Sales Order Follow Up.xlsx: bo 1 dong Grand Total / rong
  ACT: 1,904 dong | SO: 107 dong | SQ: 315 dong
  Bo Channel = SEB / MLA = SEB (noi bo): 4 dong

============================================================
As of: 10-Aug-2026 17:30
So dong chi tiet: 2,322
So Channel: 10 | MLA: 29 | Item: 577
Tong Gross : 12,531,708,688
[KAM] Net 10,054,275,034 | SGM% 27.18%
[FIN] Net 10,007,352,158 | SGM% 37.61%

  -> Da luu: C:\AI_Dashboard\kam_cache.parquet

XONG!
Buoc tiep: 1) Restart app  2) git add/commit/push (neu muon cap nhat cloud)
[main c825cba] Auto update KAM 10-Aug-26 17:30:10.85
 1 file changed, 0 insertions(+), 0 deletions(-)
To https://github.com/Joklc/sales-dashboard.git
   246f6fa..c825cba  main -> main
[10-Aug-26 17:30:14.85] Xong 
============================================================ 
[10-Aug-26 17:40:01.93] Bat dau 
Doc cac bang tra cuu...
Doc & xu ly 3 file nguon (ACT + SO + SQ)...
    Sales detail with COGS.xlsx: bo 37 dong Grand Total / rong
    Sales detail with COGS.xlsx: bo 14 dong CANCELED (giu CANCELED = N)
    Sales Order Follow Up.xlsx: bo 1 dong Grand Total / rong
  ACT: 1,904 dong | SO: 120 dong | SQ: 332 dong
  Bo Channel = SEB / MLA = SEB (noi bo): 4 dong

============================================================
As of: 10-Aug-2026 17:40
So dong chi tiet: 2,352
So Channel: 10 | MLA: 29 | Item: 577
Tong Gross : 13,230,620,442
[KAM] Net 10,585,447,967 | SGM% 26.79%
[FIN] Net 10,538,525,091 | SGM% 37.30%

  -> Da luu: C:\AI_Dashboard\kam_cache.parquet

XONG!
Buoc tiep: 1) Restart app  2) git add/commit/push (neu muon cap nhat cloud)
[main 2791dc8] Auto update KAM 10-Aug-26 17:40:10.01
 1 file changed, 0 insertions(+), 0 deletions(-)
To https://github.com/Joklc/sales-dashboard.git
   c825cba..2791dc8  main -> main
[10-Aug-26 17:40:13.36] Xong 
============================================================ 
[10-Aug-26 17:50:02.26] Bat dau 
Doc cac bang tra cuu...
Doc & xu ly 3 file nguon (ACT + SO + SQ)...
    Sales detail with COGS.xlsx: bo 37 dong Grand Total / rong
    Sales detail with COGS.xlsx: bo 14 dong CANCELED (giu CANCELED = N)
    Sales Order Follow Up.xlsx: bo 1 dong Grand Total / rong
  ACT: 1,904 dong | SO: 372 dong | SQ: 95 dong
  Bo Channel = SEB / MLA = SEB (noi bo): 4 dong

============================================================
As of: 10-Aug-2026 17:50
So dong chi tiet: 2,367
So Channel: 10 | MLA: 29 | Item: 584
Tong Gross : 13,232,756,069
[KAM] Net 10,587,583,594 | SGM% 26.80%
[FIN] Net 10,540,660,718 | SGM% 37.31%

  -> Da luu: C:\AI_Dashboard\kam_cache.parquet

XONG!
Buoc tiep: 1) Restart app  2) git add/commit/push (neu muon cap nhat cloud)
[main d822585] Auto update KAM 10-Aug-26 17:50:10.66
 1 file changed, 0 insertions(+), 0 deletions(-)
To https://github.com/Joklc/sales-dashboard.git
   2791dc8..d822585  main -> main
[10-Aug-26 17:50:14.71] Xong 
============================================================ 
[10-Aug-26 18:00:02.27] Bat dau 
Doc cac bang tra cuu...
Doc & xu ly 3 file nguon (ACT + SO + SQ)...
    Sales detail with COGS.xlsx: bo 37 dong Grand Total / rong
    Sales detail with COGS.xlsx: bo 14 dong CANCELED (giu CANCELED = N)
    Sales Order Follow Up.xlsx: bo 1 dong Grand Total / rong
  ACT: 1,904 dong | SO: 372 dong | SQ: 95 dong
  Bo Channel = SEB / MLA = SEB (noi bo): 4 dong

============================================================
As of: 10-Aug-2026 18:00
So dong chi tiet: 2,367
So Channel: 10 | MLA: 29 | Item: 584
Tong Gross : 13,232,756,069
[KAM] Net 10,587,583,594 | SGM% 26.80%
[FIN] Net 10,540,660,718 | SGM% 37.31%

  -> Da luu: C:\AI_Dashboard\kam_cache.parquet

XONG!
Buoc tiep: 1) Restart app  2) git add/commit/push (neu muon cap nhat cloud)
[main 19358a1] Auto update KAM 10-Aug-26 18:00:10.99
 1 file changed, 0 insertions(+), 0 deletions(-)
To https://github.com/Joklc/sales-dashboard.git
   d822585..19358a1  main -> main
[10-Aug-26 18:00:15.58] Xong 
============================================================ 
[10-Aug-26 18:10:02.45] Bat dau 
^C============================================================ 
[11-Aug-26  8:48:14.23] Bat dau 
Doc cac bang tra cuu...
Doc & xu ly 3 file nguon (ACT + SO + SQ)...
    Sales detail with COGS.xlsx: bo 37 dong Grand Total / rong
    Sales detail with COGS.xlsx: bo 14 dong CANCELED (giu CANCELED = N)
    Sales Order Follow Up.xlsx: bo 1 dong Grand Total / rong
  ACT: 1,916 dong | SO: 332 dong | SQ: 96 dong
  Bo Channel = SEB / MLA = SEB (noi bo): 4 dong

============================================================
As of: 11-Aug-2026 08:48
So dong chi tiet: 2,340
So Channel: 10 | MLA: 29 | Item: 584
Tong Gross : 13,233,625,458
[KAM] Net 10,588,452,983 | SGM% 26.80%
[FIN] Net 10,541,530,107 | SGM% 37.31%

  -> Da luu: C:\AI_Dashboard\kam_cache.parquet

XONG!
Buoc tiep: 1) Restart app  2) git add/commit/push (neu muon cap nhat cloud)
[main 9c74e87] Auto update KAM 11-Aug-26  8:48:38.06
 1 file changed, 0 insertions(+), 0 deletions(-)
To https://github.com/Joklc/sales-dashboard.git
   19358a1..9c74e87  main -> main
[11-Aug-26  8:48:44.84] Xong 
============================================================ 
[11-Aug-26  8:50:02.36] Bat dau 
Doc cac bang tra cuu...
Doc & xu ly 3 file nguon (ACT + SO + SQ)...
    Sales detail with COGS.xlsx: bo 37 dong Grand Total / rong
    Sales detail with COGS.xlsx: bo 14 dong CANCELED (giu CANCELED = N)
    Sales Order Follow Up.xlsx: bo 1 dong Grand Total / rong
  ACT: 1,916 dong | SO: 332 dong | SQ: 96 dong
  Bo Channel = SEB / MLA = SEB (noi bo): 4 dong

============================================================
As of: 11-Aug-2026 08:50
So dong chi tiet: 2,340
So Channel: 10 | MLA: 29 | Item: 584
Tong Gross : 13,233,625,458
[KAM] Net 10,588,452,983 | SGM% 26.80%
[FIN] Net 10,541,530,107 | SGM% 37.31%

  -> Da luu: C:\AI_Dashboard\kam_cache.parquet

XONG!
Buoc tiep: 1) Restart app  2) git add/commit/push (neu muon cap nhat cloud)
[main a450d92] Auto update KAM 11-Aug-26  8:50:08.74
 1 file changed, 0 insertions(+), 0 deletions(-)
To https://github.com/Joklc/sales-dashboard.git
   9c74e87..a450d92  main -> main
[11-Aug-26  8:50:13.44] Xong 
============================================================ 
[11-Aug-26  9:00:02.50] Bat dau 
Doc cac bang tra cuu...
Doc & xu ly 3 file nguon (ACT + SO + SQ)...
    Sales detail with COGS.xlsx: bo 37 dong Grand Total / rong
    Sales detail with COGS.xlsx: bo 14 dong CANCELED (giu CANCELED = N)
    Sales Order Follow Up.xlsx: bo 1 dong Grand Total / rong
  ACT: 1,916 dong | SO: 332 dong | SQ: 96 dong
  Bo Channel = SEB / MLA = SEB (noi bo): 4 dong

============================================================
As of: 11-Aug-2026 09:00
So dong chi tiet: 2,340
So Channel: 10 | MLA: 29 | Item: 584
Tong Gross : 13,233,625,458
[KAM] Net 10,588,452,983 | SGM% 26.80%
[FIN] Net 10,541,530,107 | SGM% 37.31%

  -> Da luu: C:\AI_Dashboard\kam_cache.parquet

XONG!
Buoc tiep: 1) Restart app  2) git add/commit/push (neu muon cap nhat cloud)
[main 0c0a8f1] Auto update KAM 11-Aug-26  9:00:10.81
 1 file changed, 0 insertions(+), 0 deletions(-)
To https://github.com/Joklc/sales-dashboard.git
   a450d92..0c0a8f1  main -> main
[11-Aug-26  9:00:14.98] Xong 
============================================================ 
[11-Aug-26  9:10:02.44] Bat dau 
Doc cac bang tra cuu...
Doc & xu ly 3 file nguon (ACT + SO + SQ)...
    Sales detail with COGS.xlsx: bo 37 dong Grand Total / rong
    Sales detail with COGS.xlsx: bo 14 dong CANCELED (giu CANCELED = N)
    Sales Order Follow Up.xlsx: bo 1 dong Grand Total / rong
  ACT: 1,916 dong | SO: 332 dong | SQ: 96 dong
  Bo Channel = SEB / MLA = SEB (noi bo): 4 dong

============================================================
As of: 11-Aug-2026 09:10
So dong chi tiet: 2,340
So Channel: 10 | MLA: 29 | Item: 584
Tong Gross : 13,233,625,458
[KAM] Net 10,588,452,983 | SGM% 26.80%
[FIN] Net 10,541,530,107 | SGM% 37.31%

  -> Da luu: C:\AI_Dashboard\kam_cache.parquet

XONG!
Buoc tiep: 1) Restart app  2) git add/commit/push (neu muon cap nhat cloud)
[main 87b7e6d] Auto update KAM 11-Aug-26  9:10:10.59
 1 file changed, 0 insertions(+), 0 deletions(-)
To https://github.com/Joklc/sales-dashboard.git
   0c0a8f1..87b7e6d  main -> main
[11-Aug-26  9:10:14.64] Xong 
============================================================ 
[11-Aug-26  9:20:02.55] Bat dau 
Doc cac bang tra cuu...
Doc & xu ly 3 file nguon (ACT + SO + SQ)...
    Sales detail with COGS.xlsx: bo 37 dong Grand Total / rong
    Sales detail with COGS.xlsx: bo 14 dong CANCELED (giu CANCELED = N)
    Sales Order Follow Up.xlsx: bo 1 dong Grand Total / rong
  ACT: 1,916 dong | SO: 332 dong | SQ: 96 dong
  Bo Channel = SEB / MLA = SEB (noi bo): 4 dong

============================================================
As of: 11-Aug-2026 09:20
So dong chi tiet: 2,340
So Channel: 10 | MLA: 29 | Item: 584
Tong Gross : 13,233,625,458
[KAM] Net 10,588,452,983 | SGM% 26.80%
[FIN] Net 10,541,530,107 | SGM% 37.31%

  -> Da luu: C:\AI_Dashboard\kam_cache.parquet

XONG!
Buoc tiep: 1) Restart app  2) git add/commit/push (neu muon cap nhat cloud)
[main 5f0c553] Auto update KAM 11-Aug-26  9:20:10.82
 1 file changed, 0 insertions(+), 0 deletions(-)
To https://github.com/Joklc/sales-dashboard.git
   87b7e6d..5f0c553  main -> main
[11-Aug-26  9:20:15.03] Xong 
============================================================ 
[11-Aug-26  9:30:02.29] Bat dau 
Doc cac bang tra cuu...
Doc & xu ly 3 file nguon (ACT + SO + SQ)...
    Sales detail with COGS.xlsx: bo 37 dong Grand Total / rong
    Sales detail with COGS.xlsx: bo 14 dong CANCELED (giu CANCELED = N)
    Sales Order Follow Up.xlsx: bo 1 dong Grand Total / rong
  ACT: 1,916 dong | SO: 332 dong | SQ: 96 dong
  Bo Channel = SEB / MLA = SEB (noi bo): 4 dong

============================================================
As of: 11-Aug-2026 09:30
So dong chi tiet: 2,340
So Channel: 10 | MLA: 29 | Item: 584
Tong Gross : 13,233,625,458
[KAM] Net 10,588,452,983 | SGM% 26.80%
[FIN] Net 10,541,530,107 | SGM% 37.31%

  -> Da luu: C:\AI_Dashboard\kam_cache.parquet

XONG!
Buoc tiep: 1) Restart app  2) git add/commit/push (neu muon cap nhat cloud)
[main fc3489b] Auto update KAM 11-Aug-26  9:30:09.50
 1 file changed, 0 insertions(+), 0 deletions(-)
To https://github.com/Joklc/sales-dashboard.git
   5f0c553..fc3489b  main -> main
[11-Aug-26  9:30:13.81] Xong 
============================================================ 
[11-Aug-26  9:40:02.30] Bat dau 
Doc cac bang tra cuu...
Doc & xu ly 3 file nguon (ACT + SO + SQ)...
    Sales detail with COGS.xlsx: bo 37 dong Grand Total / rong
    Sales detail with COGS.xlsx: bo 14 dong CANCELED (giu CANCELED = N)
    Sales Order Follow Up.xlsx: bo 1 dong Grand Total / rong
  ACT: 1,916 dong | SO: 332 dong | SQ: 96 dong
  Bo Channel = SEB / MLA = SEB (noi bo): 4 dong

============================================================
As of: 11-Aug-2026 09:40
So dong chi tiet: 2,340
So Channel: 10 | MLA: 29 | Item: 584
Tong Gross : 13,233,625,458
[KAM] Net 10,588,452,983 | SGM% 26.80%
[FIN] Net 10,541,530,107 | SGM% 37.31%

  -> Da luu: C:\AI_Dashboard\kam_cache.parquet

XONG!
Buoc tiep: 1) Restart app  2) git add/commit/push (neu muon cap nhat cloud)
[main f1496aa] Auto update KAM 11-Aug-26  9:40:11.96
 1 file changed, 0 insertions(+), 0 deletions(-)
To https://github.com/Joklc/sales-dashboard.git
   fc3489b..f1496aa  main -> main
[11-Aug-26  9:40:16.41] Xong 
============================================================ 
[11-Aug-26  9:50:02.41] Bat dau 
Doc cac bang tra cuu...
Doc & xu ly 3 file nguon (ACT + SO + SQ)...
    Sales detail with COGS.xlsx: bo 37 dong Grand Total / rong
    Sales detail with COGS.xlsx: bo 14 dong CANCELED (giu CANCELED = N)
    Sales Order Follow Up.xlsx: bo 1 dong Grand Total / rong
  ACT: 1,916 dong | SO: 332 dong | SQ: 103 dong
  Bo Channel = SEB / MLA = SEB (noi bo): 4 dong

============================================================
As of: 11-Aug-2026 09:50
So dong chi tiet: 2,347
So Channel: 10 | MLA: 29 | Item: 584
Tong Gross : 13,278,029,148
[KAM] Net 10,626,196,120 | SGM% 26.89%
[FIN] Net 10,579,273,244 | SGM% 37.38%

  -> Da luu: C:\AI_Dashboard\kam_cache.parquet

XONG!
Buoc tiep: 1) Restart app  2) git add/commit/push (neu muon cap nhat cloud)
[main ed77d6d] Auto update KAM 11-Aug-26  9:50:09.94
 1 file changed, 0 insertions(+), 0 deletions(-)
To https://github.com/Joklc/sales-dashboard.git
   f1496aa..ed77d6d  main -> main
[11-Aug-26  9:50:14.54] Xong 
============================================================ 
[11-Aug-26 10:00:01.90] Bat dau 
Doc cac bang tra cuu...
Doc & xu ly 3 file nguon (ACT + SO + SQ)...
    Sales detail with COGS.xlsx: bo 37 dong Grand Total / rong
    Sales detail with COGS.xlsx: bo 14 dong CANCELED (giu CANCELED = N)
    Sales Order Follow Up.xlsx: bo 1 dong Grand Total / rong
  ACT: 1,916 dong | SO: 332 dong | SQ: 103 dong
  Bo Channel = SEB / MLA = SEB (noi bo): 4 dong

============================================================
As of: 11-Aug-2026 10:00
So dong chi tiet: 2,347
So Channel: 10 | MLA: 29 | Item: 584
Tong Gross : 13,278,029,148
[KAM] Net 10,696,346,482 | SGM% 27.37%
[FIN] Net 10,649,455,815 | SGM% 37.79%

  -> Da luu: C:\AI_Dashboard\kam_cache.parquet

XONG!
Buoc tiep: 1) Restart app  2) git add/commit/push (neu muon cap nhat cloud)
[main 455a5c4] Auto update KAM 11-Aug-26 10:00:08.74
 1 file changed, 0 insertions(+), 0 deletions(-)
To https://github.com/Joklc/sales-dashboard.git
   ed77d6d..455a5c4  main -> main
[11-Aug-26 10:00:13.51] Xong 
============================================================ 
[11-Aug-26 10:10:01.86] Bat dau 
Doc cac bang tra cuu...
Doc & xu ly 3 file nguon (ACT + SO + SQ)...
    Sales detail with COGS.xlsx: bo 37 dong Grand Total / rong
    Sales detail with COGS.xlsx: bo 14 dong CANCELED (giu CANCELED = N)
    Sales Order Follow Up.xlsx: bo 1 dong Grand Total / rong
  ACT: 1,929 dong | SO: 319 dong | SQ: 116 dong
  Bo Channel = SEB / MLA = SEB (noi bo): 4 dong

============================================================
As of: 11-Aug-2026 10:10
So dong chi tiet: 2,360
So Channel: 10 | MLA: 29 | Item: 586
Tong Gross : 13,296,138,710
[KAM] Net 10,711,255,406 | SGM% 27.37%
[FIN] Net 10,664,364,739 | SGM% 37.79%

  -> Da luu: C:\AI_Dashboard\kam_cache.parquet

XONG!
Buoc tiep: 1) Restart app  2) git add/commit/push (neu muon cap nhat cloud)
[main 40001e1] Auto update KAM 11-Aug-26 10:10:09.31
 1 file changed, 0 insertions(+), 0 deletions(-)
To https://github.com/Joklc/sales-dashboard.git
   455a5c4..40001e1  main -> main
[11-Aug-26 10:10:13.87] Xong 
============================================================ 
[11-Aug-26 10:20:02.01] Bat dau 
Doc cac bang tra cuu...
Doc & xu ly 3 file nguon (ACT + SO + SQ)...
    Sales detail with COGS.xlsx: bo 37 dong Grand Total / rong
    Sales detail with COGS.xlsx: bo 14 dong CANCELED (giu CANCELED = N)
    Sales Order Follow Up.xlsx: bo 1 dong Grand Total / rong
  ACT: 1,937 dong | SO: 312 dong | SQ: 115 dong
  Bo Channel = SEB / MLA = SEB (noi bo): 4 dong

============================================================
As of: 11-Aug-2026 10:20
So dong chi tiet: 2,360
So Channel: 10 | MLA: 29 | Item: 586
Tong Gross : 13,296,138,710
[KAM] Net 10,711,255,406 | SGM% 27.37%
[FIN] Net 10,664,364,739 | SGM% 37.79%

  -> Da luu: C:\AI_Dashboard\kam_cache.parquet

XONG!
Buoc tiep: 1) Restart app  2) git add/commit/push (neu muon cap nhat cloud)
[main 48da4bb] Auto update KAM 11-Aug-26 10:20:09.30
 1 file changed, 0 insertions(+), 0 deletions(-)
To https://github.com/Joklc/sales-dashboard.git
   40001e1..48da4bb  main -> main
[11-Aug-26 10:20:13.51] Xong 
============================================================ 
[11-Aug-26 10:30:01.86] Bat dau 
Doc cac bang tra cuu...
Doc & xu ly 3 file nguon (ACT + SO + SQ)...
    Sales detail with COGS.xlsx: bo 37 dong Grand Total / rong
    Sales detail with COGS.xlsx: bo 14 dong CANCELED (giu CANCELED = N)
    Sales Order Follow Up.xlsx: bo 1 dong Grand Total / rong
  ACT: 1,937 dong | SO: 312 dong | SQ: 115 dong
  Bo Channel = SEB / MLA = SEB (noi bo): 4 dong

============================================================
As of: 11-Aug-2026 10:30
So dong chi tiet: 2,360
So Channel: 10 | MLA: 29 | Item: 586
Tong Gross : 13,296,138,710
[KAM] Net 10,711,255,406 | SGM% 27.37%
[FIN] Net 10,664,364,739 | SGM% 37.79%

  -> Da luu: C:\AI_Dashboard\kam_cache.parquet

XONG!
Buoc tiep: 1) Restart app  2) git add/commit/push (neu muon cap nhat cloud)
[main 312cb80] Auto update KAM 11-Aug-26 10:30:09.53
 1 file changed, 0 insertions(+), 0 deletions(-)
To https://github.com/Joklc/sales-dashboard.git
   48da4bb..312cb80  main -> main
[11-Aug-26 10:30:14.17] Xong 
============================================================ 
[11-Aug-26 10:40:01.88] Bat dau 
Doc cac bang tra cuu...
Doc & xu ly 3 file nguon (ACT + SO + SQ)...
    Sales detail with COGS.xlsx: bo 37 dong Grand Total / rong
    Sales detail with COGS.xlsx: bo 14 dong CANCELED (giu CANCELED = N)
    Sales Order Follow Up.xlsx: bo 1 dong Grand Total / rong
  ACT: 1,955 dong | SO: 283 dong | SQ: 115 dong
  Bo Channel = SEB / MLA = SEB (noi bo): 4 dong

============================================================
As of: 11-Aug-2026 10:40
So dong chi tiet: 2,349
So Channel: 10 | MLA: 29 | Item: 586
Tong Gross : 13,296,138,710
[KAM] Net 10,711,255,406 | SGM% 27.37%
[FIN] Net 10,664,364,739 | SGM% 37.79%

  -> Da luu: C:\AI_Dashboard\kam_cache.parquet

XONG!
Buoc tiep: 1) Restart app  2) git add/commit/push (neu muon cap nhat cloud)
[main 41a9da4] Auto update KAM 11-Aug-26 10:40:09.98
 1 file changed, 0 insertions(+), 0 deletions(-)
To https://github.com/Joklc/sales-dashboard.git
   312cb80..41a9da4  main -> main
[11-Aug-26 10:40:14.16] Xong 
============================================================ 
[11-Aug-26 10:50:01.87] Bat dau 
Doc cac bang tra cuu...
Doc & xu ly 3 file nguon (ACT + SO + SQ)...
    Sales detail with COGS.xlsx: bo 37 dong Grand Total / rong
    Sales detail with COGS.xlsx: bo 14 dong CANCELED (giu CANCELED = N)
    Sales Order Follow Up.xlsx: bo 1 dong Grand Total / rong
  ACT: 1,964 dong | SO: 265 dong | SQ: 115 dong
  Bo Channel = SEB / MLA = SEB (noi bo): 4 dong

============================================================
As of: 11-Aug-2026 10:50
So dong chi tiet: 2,340
So Channel: 10 | MLA: 29 | Item: 586
Tong Gross : 13,296,138,710
[KAM] Net 10,711,255,406 | SGM% 27.37%
[FIN] Net 10,664,364,739 | SGM% 37.79%

  -> Da luu: C:\AI_Dashboard\kam_cache.parquet

XONG!
Buoc tiep: 1) Restart app  2) git add/commit/push (neu muon cap nhat cloud)
[main 0dc4fce] Auto update KAM 11-Aug-26 10:50:08.97
 1 file changed, 0 insertions(+), 0 deletions(-)
To https://github.com/Joklc/sales-dashboard.git
   41a9da4..0dc4fce  main -> main
[11-Aug-26 10:50:13.31] Xong 
============================================================ 
[11-Aug-26 12:31:41.58] Bat dau 
============================================================
KHONG TRUY CAP DUOC O MANG X!
Duong dan: X:\Finance 2.Controlling\Monthly Reporting\2025\4. Monthly sale vs SGM report\auto data
Kiem tra: 1) O X da ket noi chua?  2) Mo This PC xem co thay o X khong?
============================================================
[11-Aug-26 12:31:45.06] Khong co thay doi data - khong push 
============================================================ 
[11-Aug-26 12:40:01.89] Bat dau 
Doc cac bang tra cuu...
Doc & xu ly 3 file nguon (ACT + SO + SQ)...
    Sales detail with COGS.xlsx: bo 37 dong Grand Total / rong
    Sales detail with COGS.xlsx: bo 14 dong CANCELED (giu CANCELED = N)
    Sales Order Follow Up.xlsx: bo 1 dong Grand Total / rong
  ACT: 1,964 dong | SO: 270 dong | SQ: 164 dong
  Bo Channel = SEB / MLA = SEB (noi bo): 4 dong

============================================================
As of: 11-Aug-2026 12:40
So dong chi tiet: 2,394
So Channel: 10 | MLA: 29 | Item: 587
Tong Gross : 13,723,824,185
[KAM] Net 11,040,351,652 | SGM% 27.66%
[FIN] Net 10,993,460,985 | SGM% 38.06%

  -> Da luu: C:\AI_Dashboard\kam_cache.parquet

XONG!
Buoc tiep: 1) Restart app  2) git add/commit/push (neu muon cap nhat cloud)
[main d588732] Auto update KAM 11-Aug-26 12:40:46.41
 1 file changed, 0 insertions(+), 0 deletions(-)
To https://github.com/Joklc/sales-dashboard.git
   0dc4fce..d588732  main -> main
[11-Aug-26 12:40:50.71] Xong 
============================================================ 
[11-Aug-26 12:50:01.84] Bat dau 
Doc cac bang tra cuu...
Doc & xu ly 3 file nguon (ACT + SO + SQ)...
    Sales detail with COGS.xlsx: bo 37 dong Grand Total / rong
    Sales detail with COGS.xlsx: bo 14 dong CANCELED (giu CANCELED = N)
    Sales Order Follow Up.xlsx: bo 1 dong Grand Total / rong
  ACT: 1,964 dong | SO: 270 dong | SQ: 164 dong
  Bo Channel = SEB / MLA = SEB (noi bo): 4 dong

============================================================
As of: 11-Aug-2026 12:50
So dong chi tiet: 2,394
So Channel: 10 | MLA: 29 | Item: 587
Tong Gross : 13,723,824,185
[KAM] Net 11,040,351,652 | SGM% 27.66%
[FIN] Net 10,993,460,985 | SGM% 38.06%

  -> Da luu: C:\AI_Dashboard\kam_cache.parquet

XONG!
Buoc tiep: 1) Restart app  2) git add/commit/push (neu muon cap nhat cloud)
[main 341498f] Auto update KAM 11-Aug-26 12:50:10.46
 1 file changed, 0 insertions(+), 0 deletions(-)
To https://github.com/Joklc/sales-dashboard.git
   d588732..341498f  main -> main
[11-Aug-26 12:50:14.62] Xong 
============================================================ 
[11-Aug-26 13:00:01.88] Bat dau 
Doc cac bang tra cuu...
Doc & xu ly 3 file nguon (ACT + SO + SQ)...
    Sales detail with COGS.xlsx: bo 37 dong Grand Total / rong
    Sales detail with COGS.xlsx: bo 14 dong CANCELED (giu CANCELED = N)
    Sales Order Follow Up.xlsx: bo 1 dong Grand Total / rong
  ACT: 1,964 dong | SO: 270 dong | SQ: 164 dong
  Bo Channel = SEB / MLA = SEB (noi bo): 4 dong

============================================================
As of: 11-Aug-2026 13:00
So dong chi tiet: 2,394
So Channel: 10 | MLA: 29 | Item: 587
Tong Gross : 13,723,824,185
[KAM] Net 11,040,351,652 | SGM% 27.66%
[FIN] Net 10,993,460,985 | SGM% 38.06%

  -> Da luu: C:\AI_Dashboard\kam_cache.parquet

XONG!
Buoc tiep: 1) Restart app  2) git add/commit/push (neu muon cap nhat cloud)
[main 4c461bf] Auto update KAM 11-Aug-26 13:00:10.15
 1 file changed, 0 insertions(+), 0 deletions(-)
To https://github.com/Joklc/sales-dashboard.git
   341498f..4c461bf  main -> main
[11-Aug-26 13:00:14.25] Xong 
============================================================ 
[11-Aug-26 13:10:01.84] Bat dau 
Doc cac bang tra cuu...
Doc & xu ly 3 file nguon (ACT + SO + SQ)...
    Sales detail with COGS.xlsx: bo 37 dong Grand Total / rong
    Sales detail with COGS.xlsx: bo 14 dong CANCELED (giu CANCELED = N)
    Sales Order Follow Up.xlsx: bo 1 dong Grand Total / rong
  ACT: 1,964 dong | SO: 270 dong | SQ: 164 dong
  Bo Channel = SEB / MLA = SEB (noi bo): 4 dong

============================================================
As of: 11-Aug-2026 13:10
So dong chi tiet: 2,394
So Channel: 10 | MLA: 29 | Item: 587
Tong Gross : 13,723,824,185
[KAM] Net 11,040,351,652 | SGM% 27.66%
[FIN] Net 10,993,460,985 | SGM% 38.06%

  -> Da luu: C:\AI_Dashboard\kam_cache.parquet

XONG!
Buoc tiep: 1) Restart app  2) git add/commit/push (neu muon cap nhat cloud)
[main af52037] Auto update KAM 11-Aug-26 13:10:09.62
 1 file changed, 0 insertions(+), 0 deletions(-)
To https://github.com/Joklc/sales-dashboard.git
   4c461bf..af52037  main -> main
[11-Aug-26 13:10:13.81] Xong 
============================================================ 
[11-Aug-26 13:20:01.90] Bat dau 
Doc cac bang tra cuu...
Doc & xu ly 3 file nguon (ACT + SO + SQ)...
    Sales detail with COGS.xlsx: bo 37 dong Grand Total / rong
    Sales detail with COGS.xlsx: bo 14 dong CANCELED (giu CANCELED = N)
    Sales Order Follow Up.xlsx: bo 1 dong Grand Total / rong
  ACT: 1,964 dong | SO: 270 dong | SQ: 164 dong
  Bo Channel = SEB / MLA = SEB (noi bo): 4 dong

============================================================
As of: 11-Aug-2026 13:20
So dong chi tiet: 2,394
So Channel: 10 | MLA: 29 | Item: 587
Tong Gross : 13,723,824,185
[KAM] Net 11,040,351,652 | SGM% 27.66%
[FIN] Net 10,993,460,985 | SGM% 38.06%

  -> Da luu: C:\AI_Dashboard\kam_cache.parquet

XONG!
Buoc tiep: 1) Restart app  2) git add/commit/push (neu muon cap nhat cloud)
[main f917699] Auto update KAM 11-Aug-26 13:20:10.37
 1 file changed, 0 insertions(+), 0 deletions(-)
To https://github.com/Joklc/sales-dashboard.git
   af52037..f917699  main -> main
[11-Aug-26 13:20:15.33] Xong 
============================================================ 
[11-Aug-26 13:30:02.09] Bat dau 
Doc cac bang tra cuu...
Doc & xu ly 3 file nguon (ACT + SO + SQ)...
    Sales detail with COGS.xlsx: bo 37 dong Grand Total / rong
    Sales detail with COGS.xlsx: bo 14 dong CANCELED (giu CANCELED = N)
    Sales Order Follow Up.xlsx: bo 1 dong Grand Total / rong
  ACT: 1,964 dong | SO: 270 dong | SQ: 164 dong
  Bo Channel = SEB / MLA = SEB (noi bo): 4 dong

============================================================
As of: 11-Aug-2026 13:30
So dong chi tiet: 2,394
So Channel: 10 | MLA: 29 | Item: 587
Tong Gross : 13,723,824,185
[KAM] Net 11,040,351,652 | SGM% 27.66%
[FIN] Net 10,993,460,985 | SGM% 38.06%

  -> Da luu: C:\AI_Dashboard\kam_cache.parquet

XONG!
Buoc tiep: 1) Restart app  2) git add/commit/push (neu muon cap nhat cloud)
[main 031d1bf] Auto update KAM 11-Aug-26 13:30:11.81
 1 file changed, 0 insertions(+), 0 deletions(-)
To https://github.com/Joklc/sales-dashboard.git
   f917699..031d1bf  main -> main
[11-Aug-26 13:30:16.10] Xong 
============================================================ 
[11-Aug-26 13:40:02.02] Bat dau 
Doc cac bang tra cuu...
Doc & xu ly 3 file nguon (ACT + SO + SQ)...
    Sales detail with COGS.xlsx: bo 37 dong Grand Total / rong
    Sales detail with COGS.xlsx: bo 14 dong CANCELED (giu CANCELED = N)
    Sales Order Follow Up.xlsx: bo 1 dong Grand Total / rong
  ACT: 1,964 dong | SO: 266 dong | SQ: 164 dong
  Bo Channel = SEB / MLA = SEB (noi bo): 4 dong

============================================================
As of: 11-Aug-2026 13:40
So dong chi tiet: 2,390
So Channel: 10 | MLA: 29 | Item: 587
Tong Gross : 13,701,163,403
[KAM] Net 11,023,129,457 | SGM% 27.68%
[FIN] Net 10,976,238,790 | SGM% 38.08%

  -> Da luu: C:\AI_Dashboard\kam_cache.parquet

XONG!
Buoc tiep: 1) Restart app  2) git add/commit/push (neu muon cap nhat cloud)
[main 6c40793] Auto update KAM 11-Aug-26 13:40:11.77
 1 file changed, 0 insertions(+), 0 deletions(-)
To https://github.com/Joklc/sales-dashboard.git
   031d1bf..6c40793  main -> main
[11-Aug-26 13:40:16.10] Xong 
============================================================ 
[11-Aug-26 13:50:01.98] Bat dau 
Doc cac bang tra cuu...
Doc & xu ly 3 file nguon (ACT + SO + SQ)...
    Sales detail with COGS.xlsx: bo 37 dong Grand Total / rong
    Sales detail with COGS.xlsx: bo 14 dong CANCELED (giu CANCELED = N)
    Sales Order Follow Up.xlsx: bo 1 dong Grand Total / rong
  ACT: 1,965 dong | SO: 280 dong | SQ: 148 dong
  Bo Channel = SEB / MLA = SEB (noi bo): 4 dong

============================================================
As of: 11-Aug-2026 13:50
So dong chi tiet: 2,389
So Channel: 10 | MLA: 29 | Item: 587
Tong Gross : 13,720,872,700
[KAM] Net 11,038,230,490 | SGM% 27.67%
[FIN] Net 10,991,339,823 | SGM% 38.07%

  -> Da luu: C:\AI_Dashboard\kam_cache.parquet

XONG!
Buoc tiep: 1) Restart app  2) git add/commit/push (neu muon cap nhat cloud)
[main adec085] Auto update KAM 11-Aug-26 13:50:12.39
 1 file changed, 0 insertions(+), 0 deletions(-)
To https://github.com/Joklc/sales-dashboard.git
   6c40793..adec085  main -> main
[11-Aug-26 13:50:17.66] Xong 
============================================================ 
[11-Aug-26 14:00:01.85] Bat dau 
============================================================
KHONG TRUY CAP DUOC O MANG X!
Duong dan: X:\Finance 2.Controlling\Monthly Reporting\2025\4. Monthly sale vs SGM report\auto data
Kiem tra: 1) O X da ket noi chua?  2) Mo This PC xem co thay o X khong?
============================================================
[11-Aug-26 14:00:12.95] Khong co thay doi data - khong push 
============================================================ 
[11-Aug-26 14:35:00.22] Bat dau 
============================================================
KHONG TRUY CAP DUOC O MANG X!
Duong dan: X:\Finance 2.Controlling\Monthly Reporting\2025\4. Monthly sale vs SGM report\auto data
Kiem tra: 1) O X da ket noi chua?  2) Mo This PC xem co thay o X khong?
============================================================
[11-Aug-26 14:35:12.52] Khong co thay doi data - khong push 
============================================================ 
[11-Aug-26 14:40:01.86] Bat dau 
Doc cac bang tra cuu...
Doc & xu ly 3 file nguon (ACT + SO + SQ)...
    Sales detail with COGS.xlsx: bo 37 dong Grand Total / rong
    Sales detail with COGS.xlsx: bo 14 dong CANCELED (giu CANCELED = N)
    Sales Order Follow Up.xlsx: bo 1 dong Grand Total / rong
  ACT: 1,965 dong | SO: 308 dong | SQ: 131 dong
  Bo Channel = SEB / MLA = SEB (noi bo): 4 dong

============================================================
As of: 11-Aug-2026 14:40
So dong chi tiet: 2,400
So Channel: 10 | MLA: 29 | Item: 587
Tong Gross : 13,808,560,647
[KAM] Net 11,116,377,422 | SGM% 27.69%
[FIN] Net 11,069,486,755 | SGM% 38.08%

  -> Da luu: C:\AI_Dashboard\kam_cache.parquet

XONG!
Buoc tiep: 1) Restart app  2) git add/commit/push (neu muon cap nhat cloud)
[main 266ae26] Auto update KAM 11-Aug-26 14:40:11.01
 1 file changed, 0 insertions(+), 0 deletions(-)
To https://github.com/Joklc/sales-dashboard.git
   adec085..266ae26  main -> main
[11-Aug-26 14:40:15.57] Xong 
============================================================ 
[11-Aug-26 14:50:01.84] Bat dau 
============================================================
KHONG TRUY CAP DUOC O MANG X!
Duong dan: X:\Finance 2.Controlling\Monthly Reporting\2025\4. Monthly sale vs SGM report\auto data
Kiem tra: 1) O X da ket noi chua?  2) Mo This PC xem co thay o X khong?
============================================================
[11-Aug-26 14:50:05.27] Khong co thay doi data - khong push 
============================================================ 
[11-Aug-26 15:00:01.85] Bat dau 
============================================================
KHONG TRUY CAP DUOC O MANG X!
Duong dan: X:\Finance 2.Controlling\Monthly Reporting\2025\4. Monthly sale vs SGM report\auto data
Kiem tra: 1) O X da ket noi chua?  2) Mo This PC xem co thay o X khong?
============================================================
[11-Aug-26 15:01:03.36] Khong co thay doi data - khong push 
============================================================ 
[11-Aug-26 15:10:01.97] Bat dau 
Doc cac bang tra cuu...
Doc & xu ly 3 file nguon (ACT + SO + SQ)...
    Sales detail with COGS.xlsx: bo 37 dong Grand Total / rong
    Sales detail with COGS.xlsx: bo 14 dong CANCELED (giu CANCELED = N)
    Sales Order Follow Up.xlsx: bo 1 dong Grand Total / rong
  ACT: 1,975 dong | SO: 281 dong | SQ: 165 dong
  Bo Channel = SEB / MLA = SEB (noi bo): 4 dong

============================================================
As of: 11-Aug-2026 15:10
So dong chi tiet: 2,417
So Channel: 10 | MLA: 29 | Item: 600
Tong Gross : 13,825,957,778
[KAM] Net 11,133,774,553 | SGM% 27.69%
[FIN] Net 11,086,883,886 | SGM% 38.08%

  -> Da luu: C:\AI_Dashboard\kam_cache.parquet

XONG!
Buoc tiep: 1) Restart app  2) git add/commit/push (neu muon cap nhat cloud)
[main 1406ba0] Auto update KAM 11-Aug-26 15:10:10.83
 1 file changed, 0 insertions(+), 0 deletions(-)
To https://github.com/Joklc/sales-dashboard.git
   266ae26..1406ba0  main -> main
[11-Aug-26 15:10:15.65] Xong 
============================================================ 
[11-Aug-26 15:20:01.84] Bat dau 
Doc cac bang tra cuu...
Doc & xu ly 3 file nguon (ACT + SO + SQ)...
    Sales detail with COGS.xlsx: bo 37 dong Grand Total / rong
    Sales detail with COGS.xlsx: bo 14 dong CANCELED (giu CANCELED = N)
    Sales Order Follow Up.xlsx: bo 1 dong Grand Total / rong
  ACT: 1,975 dong | SO: 339 dong | SQ: 118 dong
  Bo Channel = SEB / MLA = SEB (noi bo): 4 dong

============================================================
As of: 11-Aug-2026 15:20
So dong chi tiet: 2,428
So Channel: 10 | MLA: 29 | Item: 609
Tong Gross : 13,818,844,540
[KAM] Net 11,128,923,468 | SGM% 27.68%
[FIN] Net 11,082,032,801 | SGM% 38.07%

  -> Da luu: C:\AI_Dashboard\kam_cache.parquet

XONG!
Buoc tiep: 1) Restart app  2) git add/commit/push (neu muon cap nhat cloud)
[main b2a2ff5] Auto update KAM 11-Aug-26 15:20:09.86
 1 file changed, 0 insertions(+), 0 deletions(-)
To https://github.com/Joklc/sales-dashboard.git
   1406ba0..b2a2ff5  main -> main
[11-Aug-26 15:20:13.96] Xong 
============================================================ 
[11-Aug-26 15:30:01.84] Bat dau 
Doc cac bang tra cuu...
Doc & xu ly 3 file nguon (ACT + SO + SQ)...
    Sales detail with COGS.xlsx: bo 37 dong Grand Total / rong
    Sales detail with COGS.xlsx: bo 14 dong CANCELED (giu CANCELED = N)
    Sales Order Follow Up.xlsx: bo 1 dong Grand Total / rong
  ACT: 1,975 dong | SO: 339 dong | SQ: 109 dong
  Bo Channel = SEB / MLA = SEB (noi bo): 4 dong

============================================================
As of: 11-Aug-2026 15:30
So dong chi tiet: 2,419
So Channel: 10 | MLA: 29 | Item: 607
Tong Gross : 13,706,769,628
[KAM] Net 11,031,507,256 | SGM% 27.66%
[FIN] Net 10,984,616,589 | SGM% 38.05%

  -> Da luu: C:\AI_Dashboard\kam_cache.parquet

XONG!
Buoc tiep: 1) Restart app  2) git add/commit/push (neu muon cap nhat cloud)
[main 071adbf] Auto update KAM 11-Aug-26 15:30:10.23
 1 file changed, 0 insertions(+), 0 deletions(-)
To https://github.com/Joklc/sales-dashboard.git
   b2a2ff5..071adbf  main -> main
[11-Aug-26 15:30:14.22] Xong 
============================================================ 
[11-Aug-26 15:40:01.83] Bat dau 
Doc cac bang tra cuu...
Doc & xu ly 3 file nguon (ACT + SO + SQ)...
    Sales detail with COGS.xlsx: bo 37 dong Grand Total / rong
    Sales detail with COGS.xlsx: bo 14 dong CANCELED (giu CANCELED = N)
    Sales Order Follow Up.xlsx: bo 1 dong Grand Total / rong
  ACT: 1,995 dong | SO: 334 dong | SQ: 109 dong
  Bo Channel = SEB / MLA = SEB (noi bo): 4 dong

============================================================
As of: 11-Aug-2026 15:40
So dong chi tiet: 2,434
So Channel: 10 | MLA: 29 | Item: 609
Tong Gross : 13,837,013,957
[KAM] Net 11,147,589,299 | SGM% 27.70%
[FIN] Net 11,100,698,632 | SGM% 38.07%

  -> Da luu: C:\AI_Dashboard\kam_cache.parquet

XONG!
Buoc tiep: 1) Restart app  2) git add/commit/push (neu muon cap nhat cloud)
[main a1b994e] Auto update KAM 11-Aug-26 15:40:10.55
 1 file changed, 0 insertions(+), 0 deletions(-)
To https://github.com/Joklc/sales-dashboard.git
   071adbf..a1b994e  main -> main
[11-Aug-26 15:40:15.11] Xong 
============================================================ 
[11-Aug-26 15:50:01.87] Bat dau 
Doc cac bang tra cuu...
Doc & xu ly 3 file nguon (ACT + SO + SQ)...
    Sales detail with COGS.xlsx: bo 37 dong Grand Total / rong
    Sales detail with COGS.xlsx: bo 14 dong CANCELED (giu CANCELED = N)
    Sales Order Follow Up.xlsx: bo 1 dong Grand Total / rong
  ACT: 2,001 dong | SO: 316 dong | SQ: 152 dong
  Bo Channel = SEB / MLA = SEB (noi bo): 5 dong

============================================================
As of: 11-Aug-2026 15:50
So dong chi tiet: 2,464
So Channel: 10 | MLA: 29 | Item: 611
Tong Gross : 14,000,876,531
[KAM] Net 11,272,787,205 | SGM% 27.67%
[FIN] Net 11,225,896,538 | SGM% 38.04%

  -> Da luu: C:\AI_Dashboard\kam_cache.parquet

XONG!
Buoc tiep: 1) Restart app  2) git add/commit/push (neu muon cap nhat cloud)
[main 486d4f8] Auto update KAM 11-Aug-26 15:50:10.90
 1 file changed, 0 insertions(+), 0 deletions(-)
To https://github.com/Joklc/sales-dashboard.git
   a1b994e..486d4f8  main -> main
[11-Aug-26 15:50:16.20] Xong 
============================================================ 
[11-Aug-26 16:00:01.92] Bat dau 
Doc cac bang tra cuu...
Doc & xu ly 3 file nguon (ACT + SO + SQ)...
    Sales detail with COGS.xlsx: bo 37 dong Grand Total / rong
    Sales detail with COGS.xlsx: bo 14 dong CANCELED (giu CANCELED = N)
    Sales Order Follow Up.xlsx: bo 1 dong Grand Total / rong
  ACT: 2,001 dong | SO: 316 dong | SQ: 152 dong
  Bo Channel = SEB / MLA = SEB (noi bo): 5 dong

============================================================
As of: 11-Aug-2026 16:00
So dong chi tiet: 2,464
So Channel: 10 | MLA: 29 | Item: 611
Tong Gross : 14,000,876,531
[KAM] Net 11,272,787,205 | SGM% 27.67%
[FIN] Net 11,225,896,538 | SGM% 38.04%

  -> Da luu: C:\AI_Dashboard\kam_cache.parquet

XONG!
Buoc tiep: 1) Restart app  2) git add/commit/push (neu muon cap nhat cloud)
[main 91a5ee1] Auto update KAM 11-Aug-26 16:00:11.97
 1 file changed, 0 insertions(+), 0 deletions(-)
To https://github.com/Joklc/sales-dashboard.git
   486d4f8..91a5ee1  main -> main
[11-Aug-26 16:00:16.73] Xong 
============================================================ 
[11-Aug-26 16:10:01.89] Bat dau 
Doc cac bang tra cuu...
Doc & xu ly 3 file nguon (ACT + SO + SQ)...
    Sales detail with COGS.xlsx: bo 37 dong Grand Total / rong
    Sales detail with COGS.xlsx: bo 14 dong CANCELED (giu CANCELED = N)
    Sales Order Follow Up.xlsx: bo 1 dong Grand Total / rong
  ACT: 2,009 dong | SO: 315 dong | SQ: 178 dong
  Bo Channel = SEB / MLA = SEB (noi bo): 5 dong

============================================================
As of: 11-Aug-2026 16:10
So dong chi tiet: 2,497
So Channel: 10 | MLA: 29 | Item: 611
Tong Gross : 14,369,271,657
[KAM] Net 11,558,221,767 | SGM% 27.81%
[FIN] Net 11,509,915,370 | SGM% 38.12%

  -> Da luu: C:\AI_Dashboard\kam_cache.parquet

XONG!
Buoc tiep: 1) Restart app  2) git add/commit/push (neu muon cap nhat cloud)
[main cfbd5bb] Auto update KAM 11-Aug-26 16:10:11.70
 1 file changed, 0 insertions(+), 0 deletions(-)
To https://github.com/Joklc/sales-dashboard.git
   91a5ee1..cfbd5bb  main -> main
[11-Aug-26 16:10:16.09] Xong 
============================================================ 
[11-Aug-26 16:20:01.85] Bat dau 
Doc cac bang tra cuu...
Doc & xu ly 3 file nguon (ACT + SO + SQ)...
    Sales detail with COGS.xlsx: bo 37 dong Grand Total / rong
    Sales detail with COGS.xlsx: bo 14 dong CANCELED (giu CANCELED = N)
    Sales Order Follow Up.xlsx: bo 1 dong Grand Total / rong
  ACT: 2,026 dong | SO: 311 dong | SQ: 178 dong
  Bo Channel = SEB / MLA = SEB (noi bo): 6 dong

============================================================
As of: 11-Aug-2026 16:20
So dong chi tiet: 2,509
So Channel: 10 | MLA: 29 | Item: 611
Tong Gross : 14,937,141,068
[KAM] Net 12,055,558,319 | SGM% 24.96%
[FIN] Net 12,007,251,922 | SGM% 35.58%

  -> Da luu: C:\AI_Dashboard\kam_cache.parquet

XONG!
Buoc tiep: 1) Restart app  2) git add/commit/push (neu muon cap nhat cloud)
[main 6d1e5e5] Auto update KAM 11-Aug-26 16:20:10.00
 1 file changed, 0 insertions(+), 0 deletions(-)
To https://github.com/Joklc/sales-dashboard.git
   cfbd5bb..6d1e5e5  main -> main
[11-Aug-26 16:20:14.19] Xong 
============================================================ 
[11-Aug-26 16:30:01.89] Bat dau 
Doc cac bang tra cuu...
Doc & xu ly 3 file nguon (ACT + SO + SQ)...
    Sales detail with COGS.xlsx: bo 37 dong Grand Total / rong
    Sales detail with COGS.xlsx: bo 14 dong CANCELED (giu CANCELED = N)
    Sales Order Follow Up.xlsx: bo 1 dong Grand Total / rong
  ACT: 2,026 dong | SO: 311 dong | SQ: 188 dong
  Bo Channel = SEB / MLA = SEB (noi bo): 6 dong

============================================================
As of: 11-Aug-2026 16:30
So dong chi tiet: 2,519
So Channel: 10 | MLA: 29 | Item: 611
Tong Gross : 14,975,205,962
[KAM] Net 12,080,120,354 | SGM% 27.47%
[FIN] Net 12,031,813,957 | SGM% 37.78%

  -> Da luu: C:\AI_Dashboard\kam_cache.parquet

XONG!
Buoc tiep: 1) Restart app  2) git add/commit/push (neu muon cap nhat cloud)
[main 39cc689] Auto update KAM 11-Aug-26 16:30:11.18
 1 file changed, 0 insertions(+), 0 deletions(-)
To https://github.com/Joklc/sales-dashboard.git
   6d1e5e5..39cc689  main -> main
[11-Aug-26 16:30:15.19] Xong 
============================================================ 
[11-Aug-26 16:40:01.91] Bat dau 
============================================================
KHONG TRUY CAP DUOC O MANG X!
Duong dan: X:\Finance 2.Controlling\Monthly Reporting\2025\4. Monthly sale vs SGM report\auto data
Kiem tra: 1) O X da ket noi chua?  2) Mo This PC xem co thay o X khong?
============================================================
[11-Aug-26 16:41:21.71] Khong co thay doi data - khong push 
============================================================ 
[11-Aug-26 16:50:01.85] Bat dau 
============================================================
KHONG TRUY CAP DUOC O MANG X!
Duong dan: X:\Finance 2.Controlling\Monthly Reporting\2025\4. Monthly sale vs SGM report\auto data
Kiem tra: 1) O X da ket noi chua?  2) Mo This PC xem co thay o X khong?
============================================================
[11-Aug-26 16:50:25.15] Khong co thay doi data - khong push 
============================================================ 
[11-Aug-26 17:00:01.87] Bat dau 
Doc cac bang tra cuu...
Doc & xu ly 3 file nguon (ACT + SO + SQ)...
    Sales detail with COGS.xlsx: bo 37 dong Grand Total / rong
    Sales detail with COGS.xlsx: bo 14 dong CANCELED (giu CANCELED = N)
    Sales Order Follow Up.xlsx: bo 1 dong Grand Total / rong
  ACT: 2,058 dong | SO: 353 dong | SQ: 111 dong
  Bo Channel = SEB / MLA = SEB (noi bo): 6 dong

============================================================
As of: 11-Aug-2026 17:00
So dong chi tiet: 2,516
So Channel: 10 | MLA: 29 | Item: 611
Tong Gross : 15,000,729,975
[KAM] Net 12,103,145,380 | SGM% 27.47%
[FIN] Net 12,054,838,983 | SGM% 37.78%

  -> Da luu: C:\AI_Dashboard\kam_cache.parquet

XONG!
Buoc tiep: 1) Restart app  2) git add/commit/push (neu muon cap nhat cloud)
[main fe29007] Auto update KAM 11-Aug-26 17:00:10.17
 1 file changed, 0 insertions(+), 0 deletions(-)
To https://github.com/Joklc/sales-dashboard.git
   39cc689..fe29007  main -> main
[11-Aug-26 17:00:16.29] Xong 
============================================================ 
[11-Aug-26 17:10:01.83] Bat dau 
Doc cac bang tra cuu...
Doc & xu ly 3 file nguon (ACT + SO + SQ)...
    Sales detail with COGS.xlsx: bo 37 dong Grand Total / rong
    Sales detail with COGS.xlsx: bo 14 dong CANCELED (giu CANCELED = N)
    Sales Order Follow Up.xlsx: bo 1 dong Grand Total / rong
  ACT: 2,058 dong | SO: 362 dong | SQ: 100 dong
  Bo Channel = SEB / MLA = SEB (noi bo): 6 dong

============================================================
As of: 11-Aug-2026 17:10
So dong chi tiet: 2,514
So Channel: 10 | MLA: 29 | Item: 609
Tong Gross : 15,000,679,117
[KAM] Net 12,103,094,522 | SGM% 27.47%
[FIN] Net 12,054,788,125 | SGM% 37.78%

  -> Da luu: C:\AI_Dashboard\kam_cache.parquet

XONG!
Buoc tiep: 1) Restart app  2) git add/commit/push (neu muon cap nhat cloud)
[main 3f8a8d5] Auto update KAM 11-Aug-26 17:10:11.13
 1 file changed, 0 insertions(+), 0 deletions(-)
To https://github.com/Joklc/sales-dashboard.git
   fe29007..3f8a8d5  main -> main
[11-Aug-26 17:10:15.45] Xong 
============================================================ 
[11-Aug-26 17:20:01.86] Bat dau 
Doc cac bang tra cuu...
Doc & xu ly 3 file nguon (ACT + SO + SQ)...
    Sales detail with COGS.xlsx: bo 37 dong Grand Total / rong
    Sales detail with COGS.xlsx: bo 14 dong CANCELED (giu CANCELED = N)
    Sales Order Follow Up.xlsx: bo 1 dong Grand Total / rong
  ACT: 2,058 dong | SO: 363 dong | SQ: 99 dong
  Bo Channel = SEB / MLA = SEB (noi bo): 6 dong

============================================================
As of: 11-Aug-2026 17:20
So dong chi tiet: 2,514
So Channel: 10 | MLA: 29 | Item: 609
Tong Gross : 14,960,789,761
[KAM] Net 12,063,685,340 | SGM% 27.51%
[FIN] Net 12,015,378,943 | SGM% 37.82%

  -> Da luu: C:\AI_Dashboard\kam_cache.parquet

XONG!
Buoc tiep: 1) Restart app  2) git add/commit/push (neu muon cap nhat cloud)
[main f564cdb] Auto update KAM 11-Aug-26 17:20:12.42
 1 file changed, 0 insertions(+), 0 deletions(-)
To https://github.com/Joklc/sales-dashboard.git
   3f8a8d5..f564cdb  main -> main
[11-Aug-26 17:20:16.83] Xong 
============================================================ 
[11-Aug-26 17:30:01.91] Bat dau 
Doc cac bang tra cuu...
Doc & xu ly 3 file nguon (ACT + SO + SQ)...
    Sales detail with COGS.xlsx: bo 37 dong Grand Total / rong
    Sales detail with COGS.xlsx: bo 14 dong CANCELED (giu CANCELED = N)
    Sales Order Follow Up.xlsx: bo 1 dong Grand Total / rong
  ACT: 2,058 dong | SO: 363 dong | SQ: 99 dong
  Bo Channel = SEB / MLA = SEB (noi bo): 6 dong

============================================================
As of: 11-Aug-2026 17:30
So dong chi tiet: 2,514
So Channel: 10 | MLA: 29 | Item: 609
Tong Gross : 14,960,789,761
[KAM] Net 12,063,685,340 | SGM% 27.51%
[FIN] Net 12,015,378,943 | SGM% 37.82%

  -> Da luu: C:\AI_Dashboard\kam_cache.parquet

XONG!
Buoc tiep: 1) Restart app  2) git add/commit/push (neu muon cap nhat cloud)
[main a2dbc72] Auto update KAM 11-Aug-26 17:30:10.68
 1 file changed, 0 insertions(+), 0 deletions(-)
To https://github.com/Joklc/sales-dashboard.git
   f564cdb..a2dbc72  main -> main
[11-Aug-26 17:30:15.16] Xong 
============================================================ 
[11-Aug-26 17:40:01.88] Bat dau 
Doc cac bang tra cuu...
Doc & xu ly 3 file nguon (ACT + SO + SQ)...
    Sales detail with COGS.xlsx: bo 37 dong Grand Total / rong
    Sales detail with COGS.xlsx: bo 14 dong CANCELED (giu CANCELED = N)
    Sales Order Follow Up.xlsx: bo 1 dong Grand Total / rong
  ACT: 2,058 dong | SO: 366 dong | SQ: 115 dong
  Bo Channel = SEB / MLA = SEB (noi bo): 6 dong

============================================================
As of: 11-Aug-2026 17:40
So dong chi tiet: 2,533
So Channel: 10 | MLA: 29 | Item: 609
Tong Gross : 15,124,426,734
[KAM] Net 12,209,344,821 | SGM% 27.49%
[FIN] Net 12,161,038,424 | SGM% 37.79%

  -> Da luu: C:\AI_Dashboard\kam_cache.parquet

XONG!
Buoc tiep: 1) Restart app  2) git add/commit/push (neu muon cap nhat cloud)
[main b30a6fd] Auto update KAM 11-Aug-26 17:40:10.59
 1 file changed, 0 insertions(+), 0 deletions(-)
To https://github.com/Joklc/sales-dashboard.git
   a2dbc72..b30a6fd  main -> main
[11-Aug-26 17:40:15.06] Xong 
============================================================ 
[11-Aug-26 17:50:01.85] Bat dau 
============================================================
KHONG TRUY CAP DUOC O MANG X!
Duong dan: X:\Finance 2.Controlling\Monthly Reporting\2025\4. Monthly sale vs SGM report\auto data
Kiem tra: 1) O X da ket noi chua?  2) Mo This PC xem co thay o X khong?
============================================================
[11-Aug-26 17:50:52.17] Khong co thay doi data - khong push 
============================================================ 
[11-Aug-26 18:00:01.98] Bat dau 
============================================================
KHONG TRUY CAP DUOC O MANG X!
Duong dan: X:\Finance 2.Controlling\Monthly Reporting\2025\4. Monthly sale vs SGM report\auto data
Kiem tra: 1) O X da ket noi chua?  2) Mo This PC xem co thay o X khong?
============================================================
[11-Aug-26 18:00:38.30] Khong co thay doi data - khong push 
